product_id,units_sold,average_valid_inventory_units,coverage,inventory_turnover_ratio,ranking,period,built_at,logic_version
ERP-PROV-MX-015-D,735,40.2390516957523872,0.98157724628312863607,18.2658380112269447,1,2025-10-01/2026-03-31,2026-10-02 02:42:50.064951+00:00,business_metrics.v1
ERP-PROV-MX-049-A,689,39.0795755968169761,0.98120300751879699248,17.6306930021041200,2,2025-10-01/2026-03-31,2026-10-02 02:42:50.064951+00:00,business_metrics.v1
ERP-PROV-MX-047-B,696,39.6294337274424393,0.98107448107448107448,17.5627036406032865,3,2025-10-01/2026-03-31,2026-10-02 02:42:50.064951+00:00,business_metrics.v1
ERP-PROV-MX-058-A,687,39.3046435965690624,0.97773279352226720648,17.4788507701916637,4,2025-10-01/2026-03-31,2026-10-02 02:42:50.064951+00:00,business_metrics.v1
ERP-PROV-MX-068-C,687,39.4685554171855542,0.98046398046398046398,17.4062615856688727,5,2025-10-01/2026-03-31,2026-10-02 02:42:50.064951+00:00,business_metrics.v1
ERP-PROV-MX-038-A,695,39.9761034579701996,0.97719780219780219780,17.3853862653398502,6,2025-10-01/2026-03-31,2026-10-02 02:42:50.064951+00:00,business_metrics.v1
ERP-PROV-MX-067-C,692,40.0461490489554100,0.97893772893772893773,17.2800635375463295,7,2025-10-01/2026-03-31,2026-10-02 02:42:50.064951+00:00,business_metrics.v1
ERP-PROV-MX-064-C,684,39.7661053194333066,0.97880690737833594976,17.2005780929654153,8,2025-10-01/2026-03-31,2026-10-02 02:42:50.064951+00:00,business_metrics.v1
ERP-PROV-MX-054-B,686,40.2246696035242291,0.98467322151532677848,17.0542109297995838,9,2025-10-01/2026-03-31,2026-10-02 02:42:50.064951+00:00,business_metrics.v1
ERP-PROV-MX-053-A,660,39.1168316831683168,0.97931480284421460892,16.8725321453882758,10,2025-10-01/2026-03-31,2026-10-02 02:42:50.064951+00:00,business_metrics.v1
