channel,month_start,sales_mxn,previous_sales_mxn,mom_growth_pct,null_reason,period,built_at,logic_version
ONLINE,2025-04-01,383213.08234000,,,no_prior_month,2025-04/2026-03,2026-10-02 02:42:50.066618+00:00,business_metrics.v1
ONLINE,2025-05-01,365088.19553300,383213.08234000,-0.04729715044258058197,,2025-04/2026-03,2026-10-02 02:42:50.066618+00:00,business_metrics.v1
ONLINE,2025-06-01,339352.26597400,365088.19553300,-0.07049236286981990911,,2025-04/2026-03,2026-10-02 02:42:50.066618+00:00,business_metrics.v1
ONLINE,2025-07-01,350578.49038000,339352.26597400,0.0330813303213956,,2025-04/2026-03,2026-10-02 02:42:50.066618+00:00,business_metrics.v1
ONLINE,2025-08-01,343799.79460800,350578.49038000,-0.01933574351538914285,,2025-04/2026-03,2026-10-02 02:42:50.066618+00:00,business_metrics.v1
ONLINE,2025-09-01,345453.79029900,343799.79460800,0.00481092693172165317,,2025-04/2026-03,2026-10-02 02:42:50.066618+00:00,business_metrics.v1
ONLINE,2025-10-01,376497.18127000,345453.79029900,0.0898626439852667,,2025-04/2026-03,2026-10-02 02:42:50.066618+00:00,business_metrics.v1
ONLINE,2025-11-01,359337.61215700,376497.18127000,-0.04557688600779786656,,2025-04/2026-03,2026-10-02 02:42:50.066618+00:00,business_metrics.v1
ONLINE,2025-12-01,346649.15696600,359337.61215700,-0.03531067932141827487,,2025-04/2026-03,2026-10-02 02:42:50.066618+00:00,business_metrics.v1
ONLINE,2026-01-01,344899.13541100,346649.15696600,-0.00504839408904619202,,2025-04/2026-03,2026-10-02 02:42:50.066618+00:00,business_metrics.v1
ONLINE,2026-02-01,323250.55747500,344899.13541100,-0.06276785214379390302,,2025-04/2026-03,2026-10-02 02:42:50.066618+00:00,business_metrics.v1
ONLINE,2026-03-01,350763.44756700,323250.55747500,0.0851132023001316,,2025-04/2026-03,2026-10-02 02:42:50.066618+00:00,business_metrics.v1
T001,2025-04-01,41839.79,,,no_prior_month,2025-04/2026-03,2026-10-02 02:42:50.066618+00:00,business_metrics.v1
T001,2025-05-01,48729.58,41839.79,0.16467075958077227443,,2025-04/2026-03,2026-10-02 02:42:50.066618+00:00,business_metrics.v1
T001,2025-06-01,34171.34,48729.58,-0.29875570444071137079,,2025-04/2026-03,2026-10-02 02:42:50.066618+00:00,business_metrics.v1
T001,2025-07-01,45775.02,34171.34,0.3395734554161470,,2025-04/2026-03,2026-10-02 02:42:50.066618+00:00,business_metrics.v1
T001,2025-08-01,47947.18,45775.02,0.04745295578243330096,,2025-04/2026-03,2026-10-02 02:42:50.066618+00:00,business_metrics.v1
T001,2025-09-01,41952.03,47947.18,-0.12503655063759745620,,2025-04/2026-03,2026-10-02 02:42:50.066618+00:00,business_metrics.v1
T001,2025-10-01,41848.94,41952.03,-0.00245733043192427160,,2025-04/2026-03,2026-10-02 02:42:50.066618+00:00,business_metrics.v1
T001,2025-11-01,49620.51,41848.94,0.18570530101837704850,,2025-04/2026-03,2026-10-02 02:42:50.066618+00:00,business_metrics.v1
T001,2025-12-01,40499.49,49620.51,-0.18381552305689723866,,2025-04/2026-03,2026-10-02 02:42:50.066618+00:00,business_metrics.v1
T001,2026-01-01,51357.23,40499.49,0.2680957216992115,,2025-04/2026-03,2026-10-02 02:42:50.066618+00:00,business_metrics.v1
T001,2026-02-01,48867.02,51357.23,-0.04848801230128649851,,2025-04/2026-03,2026-10-02 02:42:50.066618+00:00,business_metrics.v1
T001,2026-03-01,35711.62,48867.02,-0.26920814897245627010,,2025-04/2026-03,2026-10-02 02:42:50.066618+00:00,business_metrics.v1
T002,2025-04-01,44690.65,,,no_prior_month,2025-04/2026-03,2026-10-02 02:42:50.066618+00:00,business_metrics.v1
T002,2025-05-01,40107.79,44690.65,-0.10254628205228610459,,2025-04/2026-03,2026-10-02 02:42:50.066618+00:00,business_metrics.v1
T002,2025-06-01,34456.03,40107.79,-0.14091427126750189926,,2025-04/2026-03,2026-10-02 02:42:50.066618+00:00,business_metrics.v1
T002,2025-07-01,45833.12,34456.03,0.3301915513772190,,2025-04/2026-03,2026-10-02 02:42:50.066618+00:00,business_metrics.v1
T002,2025-08-01,39278.33,45833.12,-0.14301426566640019270,,2025-04/2026-03,2026-10-02 02:42:50.066618+00:00,business_metrics.v1
T002,2025-09-01,37182.76,39278.33,-0.05335181001839945843,,2025-04/2026-03,2026-10-02 02:42:50.066618+00:00,business_metrics.v1
T002,2025-10-01,37125.50,37182.76,-0.00153996099267509997,,2025-04/2026-03,2026-10-02 02:42:50.066618+00:00,business_metrics.v1
T002,2025-11-01,46037.39,37125.50,0.2400476761255741,,2025-04/2026-03,2026-10-02 02:42:50.066618+00:00,business_metrics.v1
T002,2025-12-01,48074.65,46037.39,0.04425229145266488826,,2025-04/2026-03,2026-10-02 02:42:50.066618+00:00,business_metrics.v1
T002,2026-01-01,46380.72,48074.65,-0.03523540993018149898,,2025-04/2026-03,2026-10-02 02:42:50.066618+00:00,business_metrics.v1
T002,2026-02-01,41548.95,46380.72,-0.10417626117058984854,,2025-04/2026-03,2026-10-02 02:42:50.066618+00:00,business_metrics.v1
T002,2026-03-01,46916.96,41548.95,0.12919724806523389881,,2025-04/2026-03,2026-10-02 02:42:50.066618+00:00,business_metrics.v1
T003,2025-04-01,52405.96,,,no_prior_month,2025-04/2026-03,2026-10-02 02:42:50.066618+00:00,business_metrics.v1
T003,2025-05-01,54860.19,52405.96,0.04683112378821034859,,2025-04/2026-03,2026-10-02 02:42:50.066618+00:00,business_metrics.v1
T003,2025-06-01,40499.01,54860.19,-0.26177780281110947665,,2025-04/2026-03,2026-10-02 02:42:50.066618+00:00,business_metrics.v1
T003,2025-07-01,35936.80,40499.01,-0.11264991415839547683,,2025-04/2026-03,2026-10-02 02:42:50.066618+00:00,business_metrics.v1
T003,2025-08-01,53333.01,35936.80,0.4840778811691636,,2025-04/2026-03,2026-10-02 02:42:50.066618+00:00,business_metrics.v1
T003,2025-09-01,47653.48,53333.01,-0.10649183310673820960,,2025-04/2026-03,2026-10-02 02:42:50.066618+00:00,business_metrics.v1
T003,2025-10-01,53879.14,47653.48,0.1306443936518382,,2025-04/2026-03,2026-10-02 02:42:50.066618+00:00,business_metrics.v1
T003,2025-11-01,46856.79,53879.14,-0.13033522806785705934,,2025-04/2026-03,2026-10-02 02:42:50.066618+00:00,business_metrics.v1
T003,2025-12-01,39295.56,46856.79,-0.16136892860138306529,,2025-04/2026-03,2026-10-02 02:42:50.066618+00:00,business_metrics.v1
T003,2026-01-01,49755.41,39295.56,0.2661840167184282,,2025-04/2026-03,2026-10-02 02:42:50.066618+00:00,business_metrics.v1
T003,2026-02-01,30693.19,49755.41,-0.38311853927040295719,,2025-04/2026-03,2026-10-02 02:42:50.066618+00:00,business_metrics.v1
T003,2026-03-01,44294.02,30693.19,0.4431220736586845,,2025-04/2026-03,2026-10-02 02:42:50.066618+00:00,business_metrics.v1
T004,2025-04-01,35670.22,,,no_prior_month,2025-04/2026-03,2026-10-02 02:42:50.066618+00:00,business_metrics.v1
T004,2025-05-01,36311.06,35670.22,0.01796568678298031243,,2025-04/2026-03,2026-10-02 02:42:50.066618+00:00,business_metrics.v1
T004,2025-06-01,38944.56,36311.06,0.07252611187886004980,,2025-04/2026-03,2026-10-02 02:42:50.066618+00:00,business_metrics.v1
T004,2025-07-01,47109.88,38944.56,0.2096652266709394,,2025-04/2026-03,2026-10-02 02:42:50.066618+00:00,business_metrics.v1
T004,2025-08-01,45196.85,47109.88,-0.04060783003480373968,,2025-04/2026-03,2026-10-02 02:42:50.066618+00:00,business_metrics.v1
T004,2025-09-01,43483.02,45196.85,-0.03791923552194456030,,2025-04/2026-03,2026-10-02 02:42:50.066618+00:00,business_metrics.v1
T004,2025-10-01,46480.41,43483.02,0.06893242465679706699,,2025-04/2026-03,2026-10-02 02:42:50.066618+00:00,business_metrics.v1
T004,2025-11-01,36499.50,46480.41,-0.21473369103241559186,,2025-04/2026-03,2026-10-02 02:42:50.066618+00:00,business_metrics.v1
T004,2025-12-01,43681.20,36499.50,0.1967615994739654,,2025-04/2026-03,2026-10-02 02:42:50.066618+00:00,business_metrics.v1
T004,2026-01-01,32907.83,43681.20,-0.24663631035777405383,,2025-04/2026-03,2026-10-02 02:42:50.066618+00:00,business_metrics.v1
T004,2026-02-01,40856.87,32907.83,0.2415546695117849,,2025-04/2026-03,2026-10-02 02:42:50.066618+00:00,business_metrics.v1
T004,2026-03-01,61130.93,40856.87,0.4962215656754910,,2025-04/2026-03,2026-10-02 02:42:50.066618+00:00,business_metrics.v1
T005,2025-04-01,40355.68,,,no_prior_month,2025-04/2026-03,2026-10-02 02:42:50.066618+00:00,business_metrics.v1
T005,2025-05-01,45903.14,40355.68,0.13746416861269590799,,2025-04/2026-03,2026-10-02 02:42:50.066618+00:00,business_metrics.v1
T005,2025-06-01,47153.91,45903.14,0.02724802704128737163,,2025-04/2026-03,2026-10-02 02:42:50.066618+00:00,business_metrics.v1
T005,2025-07-01,49496.13,47153.91,0.04967180876410885121,,2025-04/2026-03,2026-10-02 02:42:50.066618+00:00,business_metrics.v1
T005,2025-08-01,40279.81,49496.13,-0.18620284050490412079,,2025-04/2026-03,2026-10-02 02:42:50.066618+00:00,business_metrics.v1
T005,2025-09-01,40916.61,40279.81,0.01580940923008326007,,2025-04/2026-03,2026-10-02 02:42:50.066618+00:00,business_metrics.v1
T005,2025-10-01,38756.09,40916.61,-0.05280300591862326815,,2025-04/2026-03,2026-10-02 02:42:50.066618+00:00,business_metrics.v1
T005,2025-11-01,37676.64,38756.09,-0.02785239687491694854,,2025-04/2026-03,2026-10-02 02:42:50.066618+00:00,business_metrics.v1
T005,2025-12-01,51797.15,37676.64,0.3747815622624523,,2025-04/2026-03,2026-10-02 02:42:50.066618+00:00,business_metrics.v1
T005,2026-01-01,36257.65,51797.15,-0.30000685365893683340,,2025-04/2026-03,2026-10-02 02:42:50.066618+00:00,business_metrics.v1
T005,2026-02-01,33217.34,36257.65,-0.08385292483103565730,,2025-04/2026-03,2026-10-02 02:42:50.066618+00:00,business_metrics.v1
T005,2026-03-01,40714.75,33217.34,0.2257077177161085,,2025-04/2026-03,2026-10-02 02:42:50.066618+00:00,business_metrics.v1
T006,2025-04-01,39663.19,,,no_prior_month,2025-04/2026-03,2026-10-02 02:42:50.066618+00:00,business_metrics.v1
T006,2025-05-01,41692.49,39663.19,0.0511633078428639,,2025-04/2026-03,2026-10-02 02:42:50.066618+00:00,business_metrics.v1
T006,2025-06-01,43051.96,41692.49,0.03260707144140347578,,2025-04/2026-03,2026-10-02 02:42:50.066618+00:00,business_metrics.v1
T006,2025-07-01,44142.60,43051.96,0.02533310910815674826,,2025-04/2026-03,2026-10-02 02:42:50.066618+00:00,business_metrics.v1
T006,2025-08-01,44061.17,44142.60,-0.00184470330247878467,,2025-04/2026-03,2026-10-02 02:42:50.066618+00:00,business_metrics.v1
T006,2025-09-01,45341.37,44061.17,0.02905506140667621854,,2025-04/2026-03,2026-10-02 02:42:50.066618+00:00,business_metrics.v1
T006,2025-10-01,42132.29,45341.37,-0.07077598228725775159,,2025-04/2026-03,2026-10-02 02:42:50.066618+00:00,business_metrics.v1
T006,2025-11-01,48560.26,42132.29,0.15256635706248105669,,2025-04/2026-03,2026-10-02 02:42:50.066618+00:00,business_metrics.v1
T006,2025-12-01,28155.35,48560.26,-0.42019770899084971950,,2025-04/2026-03,2026-10-02 02:42:50.066618+00:00,business_metrics.v1
T006,2026-01-01,50751.53,28155.35,0.8025536887305610,,2025-04/2026-03,2026-10-02 02:42:50.066618+00:00,business_metrics.v1
T006,2026-02-01,45120.77,50751.53,-0.11094759113666129868,,2025-04/2026-03,2026-10-02 02:42:50.066618+00:00,business_metrics.v1
T006,2026-03-01,46758.04,45120.77,0.03628639316217342922,,2025-04/2026-03,2026-10-02 02:42:50.066618+00:00,business_metrics.v1
T007,2025-04-01,47567.53,,,no_prior_month,2025-04/2026-03,2026-10-02 02:42:50.066618+00:00,business_metrics.v1
T007,2025-05-01,44576.09,47567.53,-0.06288827694017326525,,2025-04/2026-03,2026-10-02 02:42:50.066618+00:00,business_metrics.v1
T007,2025-06-01,40195.13,44576.09,-0.09828049072944710943,,2025-04/2026-03,2026-10-02 02:42:50.066618+00:00,business_metrics.v1
T007,2025-07-01,40188.07,40195.13,-0.00017564316871222957,,2025-04/2026-03,2026-10-02 02:42:50.066618+00:00,business_metrics.v1
T007,2025-08-01,37762.53,40188.07,-0.06035472716156809720,,2025-04/2026-03,2026-10-02 02:42:50.066618+00:00,business_metrics.v1
T007,2025-09-01,54627.35,37762.53,0.4466019623155546,,2025-04/2026-03,2026-10-02 02:42:50.066618+00:00,business_metrics.v1
T007,2025-10-01,46897.90,54627.35,-0.14149414167079311004,,2025-04/2026-03,2026-10-02 02:42:50.066618+00:00,business_metrics.v1
T007,2025-11-01,39896.15,46897.90,-0.14929772974909324298,,2025-04/2026-03,2026-10-02 02:42:50.066618+00:00,business_metrics.v1
T007,2025-12-01,45290.43,39896.15,0.1352080338579036,,2025-04/2026-03,2026-10-02 02:42:50.066618+00:00,business_metrics.v1
T007,2026-01-01,43971.05,45290.43,-0.02913154059257110167,,2025-04/2026-03,2026-10-02 02:42:50.066618+00:00,business_metrics.v1
T007,2026-02-01,36339.19,43971.05,-0.17356556188674139007,,2025-04/2026-03,2026-10-02 02:42:50.066618+00:00,business_metrics.v1
T007,2026-03-01,37607.84,36339.19,0.03491134502447632982,,2025-04/2026-03,2026-10-02 02:42:50.066618+00:00,business_metrics.v1
T008,2025-04-01,42660.61,,,no_prior_month,2025-04/2026-03,2026-10-02 02:42:50.066618+00:00,business_metrics.v1
T008,2025-05-01,45668.02,42660.61,0.07049617902791357179,,2025-04/2026-03,2026-10-02 02:42:50.066618+00:00,business_metrics.v1
T008,2025-06-01,29655.76,45668.02,-0.35062303993034950935,,2025-04/2026-03,2026-10-02 02:42:50.066618+00:00,business_metrics.v1
T008,2025-07-01,41226.14,29655.76,0.3901562462064705,,2025-04/2026-03,2026-10-02 02:42:50.066618+00:00,business_metrics.v1
T008,2025-08-01,50202.73,41226.14,0.2177402492690317,,2025-04/2026-03,2026-10-02 02:42:50.066618+00:00,business_metrics.v1
T008,2025-09-01,35635.70,50202.73,-0.29016410063755496962,,2025-04/2026-03,2026-10-02 02:42:50.066618+00:00,business_metrics.v1
T008,2025-10-01,59235.06,35635.70,0.6622392712925521,,2025-04/2026-03,2026-10-02 02:42:50.066618+00:00,business_metrics.v1
T008,2025-11-01,52958.14,59235.06,-0.10596629766222909203,,2025-04/2026-03,2026-10-02 02:42:50.066618+00:00,business_metrics.v1
T008,2025-12-01,35783.13,52958.14,-0.32431293848311137816,,2025-04/2026-03,2026-10-02 02:42:50.066618+00:00,business_metrics.v1
T008,2026-01-01,30245.15,35783.13,-0.15476510858608511888,,2025-04/2026-03,2026-10-02 02:42:50.066618+00:00,business_metrics.v1
T008,2026-02-01,34071.87,30245.15,0.12652342606996493653,,2025-04/2026-03,2026-10-02 02:42:50.066618+00:00,business_metrics.v1
T008,2026-03-01,37900.69,34071.87,0.11237481241857285790,,2025-04/2026-03,2026-10-02 02:42:50.066618+00:00,business_metrics.v1
T009,2025-04-01,42362.38,,,no_prior_month,2025-04/2026-03,2026-10-02 02:42:50.066618+00:00,business_metrics.v1
T009,2025-05-01,40437.08,42362.38,-0.04544834355387964510,,2025-04/2026-03,2026-10-02 02:42:50.066618+00:00,business_metrics.v1
T009,2025-06-01,49343.53,40437.08,0.22025452876419365592,,2025-04/2026-03,2026-10-02 02:42:50.066618+00:00,business_metrics.v1
T009,2025-07-01,53897.90,49343.53,0.0922992335570641,,2025-04/2026-03,2026-10-02 02:42:50.066618+00:00,business_metrics.v1
T009,2025-08-01,43567.16,53897.90,-0.19167240282088912555,,2025-04/2026-03,2026-10-02 02:42:50.066618+00:00,business_metrics.v1
T009,2025-09-01,43973.12,43567.16,0.00931802761529555748,,2025-04/2026-03,2026-10-02 02:42:50.066618+00:00,business_metrics.v1
T009,2025-10-01,47467.15,43973.12,0.07945831453396984340,,2025-04/2026-03,2026-10-02 02:42:50.066618+00:00,business_metrics.v1
T009,2025-11-01,44200.19,47467.15,-0.06882570367085447515,,2025-04/2026-03,2026-10-02 02:42:50.066618+00:00,business_metrics.v1
T009,2025-12-01,37123.61,44200.19,-0.16010293168423031666,,2025-04/2026-03,2026-10-02 02:42:50.066618+00:00,business_metrics.v1
T009,2026-01-01,46398.28,37123.61,0.2498321149263232,,2025-04/2026-03,2026-10-02 02:42:50.066618+00:00,business_metrics.v1
T009,2026-02-01,28781.74,46398.28,-0.37968088472245091844,,2025-04/2026-03,2026-10-02 02:42:50.066618+00:00,business_metrics.v1
T009,2026-03-01,46750.80,28781.74,0.6243215316377676,,2025-04/2026-03,2026-10-02 02:42:50.066618+00:00,business_metrics.v1
T010,2025-04-01,41494.50,,,no_prior_month,2025-04/2026-03,2026-10-02 02:42:50.066618+00:00,business_metrics.v1
T010,2025-05-01,42449.36,41494.50,0.02301172444540842762,,2025-04/2026-03,2026-10-02 02:42:50.066618+00:00,business_metrics.v1
T010,2025-06-01,42303.46,42449.36,-0.00343703650655746047,,2025-04/2026-03,2026-10-02 02:42:50.066618+00:00,business_metrics.v1
T010,2025-07-01,37940.82,42303.46,-0.10312726193082078865,,2025-04/2026-03,2026-10-02 02:42:50.066618+00:00,business_metrics.v1
T010,2025-08-01,32544.56,37940.82,-0.14222834403684474927,,2025-04/2026-03,2026-10-02 02:42:50.066618+00:00,business_metrics.v1
T010,2025-09-01,41756.80,32544.56,0.2830654339772914,,2025-04/2026-03,2026-10-02 02:42:50.066618+00:00,business_metrics.v1
T010,2025-10-01,50571.24,41756.80,0.2110899302628554,,2025-04/2026-03,2026-10-02 02:42:50.066618+00:00,business_metrics.v1
T010,2025-11-01,37871.46,50571.24,-0.25112652962434775181,,2025-04/2026-03,2026-10-02 02:42:50.066618+00:00,business_metrics.v1
T010,2025-12-01,43041.85,37871.46,0.1365247075238187,,2025-04/2026-03,2026-10-02 02:42:50.066618+00:00,business_metrics.v1
T010,2026-01-01,46349.12,43041.85,0.07683847232402882311,,2025-04/2026-03,2026-10-02 02:42:50.066618+00:00,business_metrics.v1
T010,2026-02-01,50580.59,46349.12,0.0912955844684861,,2025-04/2026-03,2026-10-02 02:42:50.066618+00:00,business_metrics.v1
T010,2026-03-01,35020.02,50580.59,-0.30763915565239551377,,2025-04/2026-03,2026-10-02 02:42:50.066618+00:00,business_metrics.v1
T011,2025-04-01,41699.01,,,no_prior_month,2025-04/2026-03,2026-10-02 02:42:50.066618+00:00,business_metrics.v1
T011,2025-05-01,42962.57,41699.01,0.03030191843883104179,,2025-04/2026-03,2026-10-02 02:42:50.066618+00:00,business_metrics.v1
T011,2025-06-01,44236.82,42962.57,0.02965953852388253310,,2025-04/2026-03,2026-10-02 02:42:50.066618+00:00,business_metrics.v1
T011,2025-07-01,35907.70,44236.82,-0.18828478177228833356,,2025-04/2026-03,2026-10-02 02:42:50.066618+00:00,business_metrics.v1
T011,2025-08-01,34442.47,35907.70,-0.04080545398340745857,,2025-04/2026-03,2026-10-02 02:42:50.066618+00:00,business_metrics.v1
T011,2025-09-01,32831.32,34442.47,-0.04677800401655281982,,2025-04/2026-03,2026-10-02 02:42:50.066618+00:00,business_metrics.v1
T011,2025-10-01,42771.97,32831.32,0.3027794800818243,,2025-04/2026-03,2026-10-02 02:42:50.066618+00:00,business_metrics.v1
T011,2025-11-01,44807.74,42771.97,0.04759589048622263599,,2025-04/2026-03,2026-10-02 02:42:50.066618+00:00,business_metrics.v1
T011,2025-12-01,43284.33,44807.74,-0.03399881359782930360,,2025-04/2026-03,2026-10-02 02:42:50.066618+00:00,business_metrics.v1
T011,2026-01-01,42103.54,43284.33,-0.02727984931267273861,,2025-04/2026-03,2026-10-02 02:42:50.066618+00:00,business_metrics.v1
T011,2026-02-01,34153.21,42103.54,-0.18882806528857193481,,2025-04/2026-03,2026-10-02 02:42:50.066618+00:00,business_metrics.v1
T011,2026-03-01,43093.84,34153.21,0.2617800786514650,,2025-04/2026-03,2026-10-02 02:42:50.066618+00:00,business_metrics.v1
T012,2025-04-01,43436.00,,,no_prior_month,2025-04/2026-03,2026-10-02 02:42:50.066618+00:00,business_metrics.v1
T012,2025-05-01,32672.54,43436.00,-0.24780044202965282254,,2025-04/2026-03,2026-10-02 02:42:50.066618+00:00,business_metrics.v1
T012,2025-06-01,29979.43,32672.54,-0.08242732276094849069,,2025-04/2026-03,2026-10-02 02:42:50.066618+00:00,business_metrics.v1
T012,2025-07-01,51335.12,29979.43,0.7123447643934524,,2025-04/2026-03,2026-10-02 02:42:50.066618+00:00,business_metrics.v1
T012,2025-08-01,39182.36,51335.12,-0.23673383835471700465,,2025-04/2026-03,2026-10-02 02:42:50.066618+00:00,business_metrics.v1
T012,2025-09-01,42336.69,39182.36,0.0805038287637600,,2025-04/2026-03,2026-10-02 02:42:50.066618+00:00,business_metrics.v1
T012,2025-10-01,45364.15,42336.69,0.07150913309472233186,,2025-04/2026-03,2026-10-02 02:42:50.066618+00:00,business_metrics.v1
T012,2025-11-01,30378.79,45364.15,-0.33033485692997664455,,2025-04/2026-03,2026-10-02 02:42:50.066618+00:00,business_metrics.v1
T012,2025-12-01,48675.27,30378.79,0.6022781025840726,,2025-04/2026-03,2026-10-02 02:42:50.066618+00:00,business_metrics.v1
T012,2026-01-01,34723.49,48675.27,-0.28662974031782463662,,2025-04/2026-03,2026-10-02 02:42:50.066618+00:00,business_metrics.v1
T012,2026-02-01,36512.70,34723.49,0.05152736663278950359,,2025-04/2026-03,2026-10-02 02:42:50.066618+00:00,business_metrics.v1
T012,2026-03-01,39528.89,36512.70,0.08260659989537886817,,2025-04/2026-03,2026-10-02 02:42:50.066618+00:00,business_metrics.v1
T013,2025-04-01,42947.73,,,no_prior_month,2025-04/2026-03,2026-10-02 02:42:50.066618+00:00,business_metrics.v1
T013,2025-05-01,41594.90,42947.73,-0.03149945293965478501,,2025-04/2026-03,2026-10-02 02:42:50.066618+00:00,business_metrics.v1
T013,2025-06-01,49561.10,41594.90,0.19151867176023983710,,2025-04/2026-03,2026-10-02 02:42:50.066618+00:00,business_metrics.v1
T013,2025-07-01,34125.96,49561.10,-0.31143659039044734681,,2025-04/2026-03,2026-10-02 02:42:50.066618+00:00,business_metrics.v1
T013,2025-08-01,45406.65,34125.96,0.3305603710489024,,2025-04/2026-03,2026-10-02 02:42:50.066618+00:00,business_metrics.v1
T013,2025-09-01,40399.18,45406.65,-0.11028054260774578173,,2025-04/2026-03,2026-10-02 02:42:50.066618+00:00,business_metrics.v1
T013,2025-10-01,40065.04,40399.18,-0.00827095995512780210,,2025-04/2026-03,2026-10-02 02:42:50.066618+00:00,business_metrics.v1
T013,2025-11-01,41866.87,40065.04,0.04497262451254260572,,2025-04/2026-03,2026-10-02 02:42:50.066618+00:00,business_metrics.v1
T013,2025-12-01,48820.70,41866.87,0.16609385893906088513,,2025-04/2026-03,2026-10-02 02:42:50.066618+00:00,business_metrics.v1
T013,2026-01-01,51082.96,48820.70,0.0463381311615770,,2025-04/2026-03,2026-10-02 02:42:50.066618+00:00,business_metrics.v1
T013,2026-02-01,43344.15,51082.96,-0.15149494077868627816,,2025-04/2026-03,2026-10-02 02:42:50.066618+00:00,business_metrics.v1
T013,2026-03-01,35673.68,43344.15,-0.17696667254981352732,,2025-04/2026-03,2026-10-02 02:42:50.066618+00:00,business_metrics.v1
T014,2025-04-01,36624.28,,,no_prior_month,2025-04/2026-03,2026-10-02 02:42:50.066618+00:00,business_metrics.v1
T014,2025-05-01,53877.14,36624.28,0.4710771105943926,,2025-04/2026-03,2026-10-02 02:42:50.066618+00:00,business_metrics.v1
T014,2025-06-01,46683.55,53877.14,-0.13351840873513330515,,2025-04/2026-03,2026-10-02 02:42:50.066618+00:00,business_metrics.v1
T014,2025-07-01,45223.75,46683.55,-0.03127011549036009472,,2025-04/2026-03,2026-10-02 02:42:50.066618+00:00,business_metrics.v1
T014,2025-08-01,35159.75,45223.75,-0.22253793637192846679,,2025-04/2026-03,2026-10-02 02:42:50.066618+00:00,business_metrics.v1
T014,2025-09-01,34695.97,35159.75,-0.01319065124183192429,,2025-04/2026-03,2026-10-02 02:42:50.066618+00:00,business_metrics.v1
T014,2025-10-01,36545.08,34695.97,0.05329466217546302928,,2025-04/2026-03,2026-10-02 02:42:50.066618+00:00,business_metrics.v1
T014,2025-11-01,37901.58,36545.08,0.03711853962284389581,,2025-04/2026-03,2026-10-02 02:42:50.066618+00:00,business_metrics.v1
T014,2025-12-01,55689.96,37901.58,0.4693308300076145,,2025-04/2026-03,2026-10-02 02:42:50.066618+00:00,business_metrics.v1
T014,2026-01-01,37392.96,55689.96,-0.32855114279126794129,,2025-04/2026-03,2026-10-02 02:42:50.066618+00:00,business_metrics.v1
T014,2026-02-01,39739.28,37392.96,0.06274764019751311477,,2025-04/2026-03,2026-10-02 02:42:50.066618+00:00,business_metrics.v1
T014,2026-03-01,35910.86,39739.28,-0.09633843391223998019,,2025-04/2026-03,2026-10-02 02:42:50.066618+00:00,business_metrics.v1
T015,2025-04-01,38739.36,,,no_prior_month,2025-04/2026-03,2026-10-02 02:42:50.066618+00:00,business_metrics.v1
T015,2025-05-01,50060.28,38739.36,0.2922330157235432,,2025-04/2026-03,2026-10-02 02:42:50.066618+00:00,business_metrics.v1
T015,2025-06-01,43586.74,50060.28,-0.12931489795902060476,,2025-04/2026-03,2026-10-02 02:42:50.066618+00:00,business_metrics.v1
T015,2025-07-01,50486.01,43586.74,0.1582882775816682,,2025-04/2026-03,2026-10-02 02:42:50.066618+00:00,business_metrics.v1
T015,2025-08-01,47221.70,50486.01,-0.06465771408752642564,,2025-04/2026-03,2026-10-02 02:42:50.066618+00:00,business_metrics.v1
T015,2025-09-01,38258.79,47221.70,-0.18980489901888326765,,2025-04/2026-03,2026-10-02 02:42:50.066618+00:00,business_metrics.v1
T015,2025-10-01,41071.77,38258.79,0.0735250644361727,,2025-04/2026-03,2026-10-02 02:42:50.066618+00:00,business_metrics.v1
T015,2025-11-01,41663.73,41071.77,0.01441281931604116404,,2025-04/2026-03,2026-10-02 02:42:50.066618+00:00,business_metrics.v1
T015,2025-12-01,53990.88,41663.73,0.2958724530904938,,2025-04/2026-03,2026-10-02 02:42:50.066618+00:00,business_metrics.v1
T015,2026-01-01,36419.10,53990.88,-0.32545829962393648705,,2025-04/2026-03,2026-10-02 02:42:50.066618+00:00,business_metrics.v1
T015,2026-02-01,31709.95,36419.10,-0.12930440345862473263,,2025-04/2026-03,2026-10-02 02:42:50.066618+00:00,business_metrics.v1
T015,2026-03-01,41085.98,31709.95,0.2956810086423977,,2025-04/2026-03,2026-10-02 02:42:50.066618+00:00,business_metrics.v1
T016,2025-04-01,43436.53,,,no_prior_month,2025-04/2026-03,2026-10-02 02:42:50.066618+00:00,business_metrics.v1
T016,2025-05-01,40732.82,43436.53,-0.06224507344394223019,,2025-04/2026-03,2026-10-02 02:42:50.066618+00:00,business_metrics.v1
T016,2025-06-01,40788.70,40732.82,0.00137186671583258905,,2025-04/2026-03,2026-10-02 02:42:50.066618+00:00,business_metrics.v1
T016,2025-07-01,39920.81,40788.70,-0.02127770681585831370,,2025-04/2026-03,2026-10-02 02:42:50.066618+00:00,business_metrics.v1
T016,2025-08-01,51129.25,39920.81,0.2807668481676599,,2025-04/2026-03,2026-10-02 02:42:50.066618+00:00,business_metrics.v1
T016,2025-09-01,40900.10,51129.25,-0.20006454231188605348,,2025-04/2026-03,2026-10-02 02:42:50.066618+00:00,business_metrics.v1
T016,2025-10-01,39535.99,40900.10,-0.03335224119256432136,,2025-04/2026-03,2026-10-02 02:42:50.066618+00:00,business_metrics.v1
T016,2025-11-01,38545.31,39535.99,-0.02505767529787416478,,2025-04/2026-03,2026-10-02 02:42:50.066618+00:00,business_metrics.v1
T016,2025-12-01,43728.78,38545.31,0.1344773203276871,,2025-04/2026-03,2026-10-02 02:42:50.066618+00:00,business_metrics.v1
T016,2026-01-01,52845.72,43728.78,0.2084883227933640,,2025-04/2026-03,2026-10-02 02:42:50.066618+00:00,business_metrics.v1
T016,2026-02-01,41717.56,52845.72,-0.21057826442709078427,,2025-04/2026-03,2026-10-02 02:42:50.066618+00:00,business_metrics.v1
T016,2026-03-01,41677.32,41717.56,-0.00096458182118033749,,2025-04/2026-03,2026-10-02 02:42:50.066618+00:00,business_metrics.v1
T017,2025-04-01,48965.91,,,no_prior_month,2025-04/2026-03,2026-10-02 02:42:50.066618+00:00,business_metrics.v1
T017,2025-05-01,41832.96,48965.91,-0.14567175408360632938,,2025-04/2026-03,2026-10-02 02:42:50.066618+00:00,business_metrics.v1
T017,2025-06-01,51980.24,41832.96,0.2425666268894193,,2025-04/2026-03,2026-10-02 02:42:50.066618+00:00,business_metrics.v1
T017,2025-07-01,39958.95,51980.24,-0.23126653512950305732,,2025-04/2026-03,2026-10-02 02:42:50.066618+00:00,business_metrics.v1
T017,2025-08-01,43846.78,39958.95,0.0972955996090988,,2025-04/2026-03,2026-10-02 02:42:50.066618+00:00,business_metrics.v1
T017,2025-09-01,62805.23,43846.78,0.4323795270713152,,2025-04/2026-03,2026-10-02 02:42:50.066618+00:00,business_metrics.v1
T017,2025-10-01,50712.41,62805.23,-0.19254479284607348783,,2025-04/2026-03,2026-10-02 02:42:50.066618+00:00,business_metrics.v1
T017,2025-11-01,42278.22,50712.41,-0.16631412311108858759,,2025-04/2026-03,2026-10-02 02:42:50.066618+00:00,business_metrics.v1
T017,2025-12-01,53950.15,42278.22,0.2760743001952305,,2025-04/2026-03,2026-10-02 02:42:50.066618+00:00,business_metrics.v1
T017,2026-01-01,35224.51,53950.15,-0.34709152801243370037,,2025-04/2026-03,2026-10-02 02:42:50.066618+00:00,business_metrics.v1
T017,2026-02-01,46730.40,35224.51,0.3266444302560916,,2025-04/2026-03,2026-10-02 02:42:50.066618+00:00,business_metrics.v1
T017,2026-03-01,49882.55,46730.40,0.06745394860733055998,,2025-04/2026-03,2026-10-02 02:42:50.066618+00:00,business_metrics.v1
T018,2025-04-01,50134.25,,,no_prior_month,2025-04/2026-03,2026-10-02 02:42:50.066618+00:00,business_metrics.v1
T018,2025-05-01,49211.02,50134.25,-0.01841515530799802530,,2025-04/2026-03,2026-10-02 02:42:50.066618+00:00,business_metrics.v1
T018,2025-06-01,33656.72,49211.02,-0.31607351361544629638,,2025-04/2026-03,2026-10-02 02:42:50.066618+00:00,business_metrics.v1
T018,2025-07-01,47299.66,33656.72,0.4053556020907563,,2025-04/2026-03,2026-10-02 02:42:50.066618+00:00,business_metrics.v1
T018,2025-08-01,44863.20,47299.66,-0.05151115251145568488,,2025-04/2026-03,2026-10-02 02:42:50.066618+00:00,business_metrics.v1
T018,2025-09-01,44590.77,44863.20,-0.00607246027924891671,,2025-04/2026-03,2026-10-02 02:42:50.066618+00:00,business_metrics.v1
T018,2025-10-01,46277.96,44590.77,0.03783720263184511055,,2025-04/2026-03,2026-10-02 02:42:50.066618+00:00,business_metrics.v1
T018,2025-11-01,34154.33,46277.96,-0.26197416653629503116,,2025-04/2026-03,2026-10-02 02:42:50.066618+00:00,business_metrics.v1
T018,2025-12-01,39224.18,34154.33,0.14843945116182926147,,2025-04/2026-03,2026-10-02 02:42:50.066618+00:00,business_metrics.v1
T018,2026-01-01,40975.30,39224.18,0.0446438905797393,,2025-04/2026-03,2026-10-02 02:42:50.066618+00:00,business_metrics.v1
T018,2026-02-01,38278.05,40975.30,-0.06582624166266018797,,2025-04/2026-03,2026-10-02 02:42:50.066618+00:00,business_metrics.v1
T018,2026-03-01,36944.82,38278.05,-0.03483014416878602750,,2025-04/2026-03,2026-10-02 02:42:50.066618+00:00,business_metrics.v1
T019,2025-04-01,41188.47,,,no_prior_month,2025-04/2026-03,2026-10-02 02:42:50.066618+00:00,business_metrics.v1
T019,2025-05-01,42679.70,41188.47,0.03620503504985739941,,2025-04/2026-03,2026-10-02 02:42:50.066618+00:00,business_metrics.v1
T019,2025-06-01,43543.59,42679.70,0.02024123880908253807,,2025-04/2026-03,2026-10-02 02:42:50.066618+00:00,business_metrics.v1
T019,2025-07-01,57982.24,43543.59,0.3315907117442544,,2025-04/2026-03,2026-10-02 02:42:50.066618+00:00,business_metrics.v1
T019,2025-08-01,42949.09,57982.24,-0.25927163214115218729,,2025-04/2026-03,2026-10-02 02:42:50.066618+00:00,business_metrics.v1
T019,2025-09-01,43563.04,42949.09,0.01429483139223671561,,2025-04/2026-03,2026-10-02 02:42:50.066618+00:00,business_metrics.v1
T019,2025-10-01,41568.63,43563.04,-0.04578215845358817934,,2025-04/2026-03,2026-10-02 02:42:50.066618+00:00,business_metrics.v1
T019,2025-11-01,35939.46,41568.63,-0.13541870396017381376,,2025-04/2026-03,2026-10-02 02:42:50.066618+00:00,business_metrics.v1
T019,2025-12-01,38900.36,35939.46,0.08238576762143894204,,2025-04/2026-03,2026-10-02 02:42:50.066618+00:00,business_metrics.v1
T019,2026-01-01,44000.02,38900.36,0.1310954448750603,,2025-04/2026-03,2026-10-02 02:42:50.066618+00:00,business_metrics.v1
T019,2026-02-01,47223.30,44000.02,0.07325633033803166453,,2025-04/2026-03,2026-10-02 02:42:50.066618+00:00,business_metrics.v1
T019,2026-03-01,40913.51,47223.30,-0.13361603276348751570,,2025-04/2026-03,2026-10-02 02:42:50.066618+00:00,business_metrics.v1
T020,2025-04-01,32903.79,,,no_prior_month,2025-04/2026-03,2026-10-02 02:42:50.066618+00:00,business_metrics.v1
T020,2025-05-01,50810.38,32903.79,0.5442105605463687,,2025-04/2026-03,2026-10-02 02:42:50.066618+00:00,business_metrics.v1
T020,2025-06-01,46111.50,50810.38,-0.09247874154847887380,,2025-04/2026-03,2026-10-02 02:42:50.066618+00:00,business_metrics.v1
T020,2025-07-01,43400.76,46111.50,-0.05878663673920822355,,2025-04/2026-03,2026-10-02 02:42:50.066618+00:00,business_metrics.v1
T020,2025-08-01,34744.26,43400.76,-0.19945503258468284887,,2025-04/2026-03,2026-10-02 02:42:50.066618+00:00,business_metrics.v1
T020,2025-09-01,40186.91,34744.26,0.1566488968249720,,2025-04/2026-03,2026-10-02 02:42:50.066618+00:00,business_metrics.v1
T020,2025-10-01,61041.10,40186.91,0.5189299202153139,,2025-04/2026-03,2026-10-02 02:42:50.066618+00:00,business_metrics.v1
T020,2025-11-01,43736.60,61041.10,-0.28348932112953403526,,2025-04/2026-03,2026-10-02 02:42:50.066618+00:00,business_metrics.v1
T020,2025-12-01,41196.91,43736.60,-0.05806784249347228637,,2025-04/2026-03,2026-10-02 02:42:50.066618+00:00,business_metrics.v1
T020,2026-01-01,43029.14,41196.91,0.04447493756206472767,,2025-04/2026-03,2026-10-02 02:42:50.066618+00:00,business_metrics.v1
T020,2026-02-01,35222.79,43029.14,-0.18142007950890954363,,2025-04/2026-03,2026-10-02 02:42:50.066618+00:00,business_metrics.v1
T020,2026-03-01,50939.99,35222.79,0.4462224599470968,,2025-04/2026-03,2026-10-02 02:42:50.066618+00:00,business_metrics.v1
T021,2025-04-01,28304.72,,,no_prior_month,2025-04/2026-03,2026-10-02 02:42:50.066618+00:00,business_metrics.v1
T021,2025-05-01,34362.69,28304.72,0.2140268478190210,,2025-04/2026-03,2026-10-02 02:42:50.066618+00:00,business_metrics.v1
T021,2025-06-01,35219.08,34362.69,0.02492208846280660798,,2025-04/2026-03,2026-10-02 02:42:50.066618+00:00,business_metrics.v1
T021,2025-07-01,50827.54,35219.08,0.4431819343378646,,2025-04/2026-03,2026-10-02 02:42:50.066618+00:00,business_metrics.v1
T021,2025-08-01,33953.77,50827.54,-0.33198085132587569652,,2025-04/2026-03,2026-10-02 02:42:50.066618+00:00,business_metrics.v1
T021,2025-09-01,34239.92,33953.77,0.00842763557625559695,,2025-04/2026-03,2026-10-02 02:42:50.066618+00:00,business_metrics.v1
T021,2025-10-01,41085.75,34239.92,0.1999370909745116,,2025-04/2026-03,2026-10-02 02:42:50.066618+00:00,business_metrics.v1
T021,2025-11-01,35027.17,41085.75,-0.14746183287392830848,,2025-04/2026-03,2026-10-02 02:42:50.066618+00:00,business_metrics.v1
T021,2025-12-01,40678.32,35027.17,0.1613361855953535,,2025-04/2026-03,2026-10-02 02:42:50.066618+00:00,business_metrics.v1
T021,2026-01-01,45746.90,40678.32,0.12460150763355025478,,2025-04/2026-03,2026-10-02 02:42:50.066618+00:00,business_metrics.v1
T021,2026-02-01,37654.53,45746.90,-0.17689439065816481554,,2025-04/2026-03,2026-10-02 02:42:50.066618+00:00,business_metrics.v1
T021,2026-03-01,42667.12,37654.53,0.1331205036950401,,2025-04/2026-03,2026-10-02 02:42:50.066618+00:00,business_metrics.v1
T022,2025-04-01,42651.62,,,no_prior_month,2025-04/2026-03,2026-10-02 02:42:50.066618+00:00,business_metrics.v1
T022,2025-05-01,52562.46,42651.62,0.2323672582659228,,2025-04/2026-03,2026-10-02 02:42:50.066618+00:00,business_metrics.v1
T022,2025-06-01,50210.44,52562.46,-0.04474714463516357492,,2025-04/2026-03,2026-10-02 02:42:50.066618+00:00,business_metrics.v1
T022,2025-07-01,57191.12,50210.44,0.13902845703005191749,,2025-04/2026-03,2026-10-02 02:42:50.066618+00:00,business_metrics.v1
T022,2025-08-01,35924.72,57191.12,-0.37184793723221367233,,2025-04/2026-03,2026-10-02 02:42:50.066618+00:00,business_metrics.v1
T022,2025-09-01,40105.33,35924.72,0.1163714010853808,,2025-04/2026-03,2026-10-02 02:42:50.066618+00:00,business_metrics.v1
T022,2025-10-01,46957.62,40105.33,0.17085733990968282769,,2025-04/2026-03,2026-10-02 02:42:50.066618+00:00,business_metrics.v1
T022,2025-11-01,39948.51,46957.62,-0.14926459220037131354,,2025-04/2026-03,2026-10-02 02:42:50.066618+00:00,business_metrics.v1
T022,2025-12-01,44277.44,39948.51,0.1083627399369839,,2025-04/2026-03,2026-10-02 02:42:50.066618+00:00,business_metrics.v1
T022,2026-01-01,44182.46,44277.44,-0.00214511046709114167,,2025-04/2026-03,2026-10-02 02:42:50.066618+00:00,business_metrics.v1
T022,2026-02-01,47144.33,44182.46,0.06703723604344348413,,2025-04/2026-03,2026-10-02 02:42:50.066618+00:00,business_metrics.v1
T022,2026-03-01,33500.51,47144.33,-0.28940532191251843011,,2025-04/2026-03,2026-10-02 02:42:50.066618+00:00,business_metrics.v1
T023,2025-04-01,44649.28,,,no_prior_month,2025-04/2026-03,2026-10-02 02:42:50.066618+00:00,business_metrics.v1
T023,2025-05-01,54173.34,44649.28,0.2133082549147489,,2025-04/2026-03,2026-10-02 02:42:50.066618+00:00,business_metrics.v1
T023,2025-06-01,52984.15,54173.34,-0.02195157248934623562,,2025-04/2026-03,2026-10-02 02:42:50.066618+00:00,business_metrics.v1
T023,2025-07-01,51737.04,52984.15,-0.02353741637829426347,,2025-04/2026-03,2026-10-02 02:42:50.066618+00:00,business_metrics.v1
T023,2025-08-01,63958.96,51737.04,0.2362315277410536,,2025-04/2026-03,2026-10-02 02:42:50.066618+00:00,business_metrics.v1
T023,2025-09-01,47953.53,63958.96,-0.25024531355731863057,,2025-04/2026-03,2026-10-02 02:42:50.066618+00:00,business_metrics.v1
T023,2025-10-01,45966.37,47953.53,-0.04143928507452944549,,2025-04/2026-03,2026-10-02 02:42:50.066618+00:00,business_metrics.v1
T023,2025-11-01,51813.36,45966.37,0.1272014735990682,,2025-04/2026-03,2026-10-02 02:42:50.066618+00:00,business_metrics.v1
T023,2025-12-01,42725.69,51813.36,-0.17539240844446297248,,2025-04/2026-03,2026-10-02 02:42:50.066618+00:00,business_metrics.v1
T023,2026-01-01,43911.84,42725.69,0.02776198582164501030,,2025-04/2026-03,2026-10-02 02:42:50.066618+00:00,business_metrics.v1
T023,2026-02-01,38466.04,43911.84,-0.12401666612011703449,,2025-04/2026-03,2026-10-02 02:42:50.066618+00:00,business_metrics.v1
T023,2026-03-01,49404.17,38466.04,0.2843580987281249,,2025-04/2026-03,2026-10-02 02:42:50.066618+00:00,business_metrics.v1
T024,2025-04-01,37880.52,,,no_prior_month,2025-04/2026-03,2026-10-02 02:42:50.066618+00:00,business_metrics.v1
T024,2025-05-01,42942.51,37880.52,0.1336304253479097,,2025-04/2026-03,2026-10-02 02:42:50.066618+00:00,business_metrics.v1
T024,2025-06-01,36948.66,42942.51,-0.13957847363835975121,,2025-04/2026-03,2026-10-02 02:42:50.066618+00:00,business_metrics.v1
T024,2025-07-01,43441.44,36948.66,0.1757243699771521,,2025-04/2026-03,2026-10-02 02:42:50.066618+00:00,business_metrics.v1
T024,2025-08-01,44198.22,43441.44,0.01742069323668828658,,2025-04/2026-03,2026-10-02 02:42:50.066618+00:00,business_metrics.v1
T024,2025-09-01,36367.84,44198.22,-0.17716505325327581065,,2025-04/2026-03,2026-10-02 02:42:50.066618+00:00,business_metrics.v1
T024,2025-10-01,51940.94,36367.84,0.4282107488374344,,2025-04/2026-03,2026-10-02 02:42:50.066618+00:00,business_metrics.v1
T024,2025-11-01,43389.03,51940.94,-0.16464680847131376521,,2025-04/2026-03,2026-10-02 02:42:50.066618+00:00,business_metrics.v1
T024,2025-12-01,39855.85,43389.03,-0.08143026013718214028,,2025-04/2026-03,2026-10-02 02:42:50.066618+00:00,business_metrics.v1
T024,2026-01-01,41613.14,39855.85,0.0440911434582376,,2025-04/2026-03,2026-10-02 02:42:50.066618+00:00,business_metrics.v1
T024,2026-02-01,29050.63,41613.14,-0.30188805747415359668,,2025-04/2026-03,2026-10-02 02:42:50.066618+00:00,business_metrics.v1
T024,2026-03-01,43486.01,29050.63,0.4969041979468259,,2025-04/2026-03,2026-10-02 02:42:50.066618+00:00,business_metrics.v1
T025,2025-04-01,37676.37,,,no_prior_month,2025-04/2026-03,2026-10-02 02:42:50.066618+00:00,business_metrics.v1
T025,2025-05-01,42141.74,37676.37,0.1185191142352620,,2025-04/2026-03,2026-10-02 02:42:50.066618+00:00,business_metrics.v1
T025,2025-06-01,50810.20,42141.74,0.2056977239193256,,2025-04/2026-03,2026-10-02 02:42:50.066618+00:00,business_metrics.v1
T025,2025-07-01,49192.03,50810.20,-0.03184734561170788542,,2025-04/2026-03,2026-10-02 02:42:50.066618+00:00,business_metrics.v1
T025,2025-08-01,48336.49,49192.03,-0.01739184172720662270,,2025-04/2026-03,2026-10-02 02:42:50.066618+00:00,business_metrics.v1
T025,2025-09-01,43468.82,48336.49,-0.10070383679079718035,,2025-04/2026-03,2026-10-02 02:42:50.066618+00:00,business_metrics.v1
T025,2025-10-01,46351.45,43468.82,0.06631488961513102955,,2025-04/2026-03,2026-10-02 02:42:50.066618+00:00,business_metrics.v1
T025,2025-11-01,46794.94,46351.45,0.00956798546755279500,,2025-04/2026-03,2026-10-02 02:42:50.066618+00:00,business_metrics.v1
T025,2025-12-01,41920.21,46794.94,-0.10417216049427566314,,2025-04/2026-03,2026-10-02 02:42:50.066618+00:00,business_metrics.v1
T025,2026-01-01,34739.19,41920.21,-0.17130209987020580288,,2025-04/2026-03,2026-10-02 02:42:50.066618+00:00,business_metrics.v1
T025,2026-02-01,44717.24,34739.19,0.2872274799729067,,2025-04/2026-03,2026-10-02 02:42:50.066618+00:00,business_metrics.v1
T025,2026-03-01,44155.44,44717.24,-0.01256338718579232529,,2025-04/2026-03,2026-10-02 02:42:50.066618+00:00,business_metrics.v1
T026,2025-04-01,36422.51,,,no_prior_month,2025-04/2026-03,2026-10-02 02:42:50.066618+00:00,business_metrics.v1
T026,2025-05-01,41723.93,36422.51,0.1455533954139899,,2025-04/2026-03,2026-10-02 02:42:50.066618+00:00,business_metrics.v1
T026,2025-06-01,50033.49,41723.93,0.1991557362885040,,2025-04/2026-03,2026-10-02 02:42:50.066618+00:00,business_metrics.v1
T026,2025-07-01,35045.87,50033.49,-0.29955176023099727802,,2025-04/2026-03,2026-10-02 02:42:50.066618+00:00,business_metrics.v1
T026,2025-08-01,48180.66,35045.87,0.3747885271502748,,2025-04/2026-03,2026-10-02 02:42:50.066618+00:00,business_metrics.v1
T026,2025-09-01,42926.17,48180.66,-0.10905807433937185584,,2025-04/2026-03,2026-10-02 02:42:50.066618+00:00,business_metrics.v1
T026,2025-10-01,45441.67,42926.17,0.05860061589468615532,,2025-04/2026-03,2026-10-02 02:42:50.066618+00:00,business_metrics.v1
T026,2025-11-01,41964.55,45441.67,-0.07651831457778730403,,2025-04/2026-03,2026-10-02 02:42:50.066618+00:00,business_metrics.v1
T026,2025-12-01,34229.21,41964.55,-0.18433034549399433570,,2025-04/2026-03,2026-10-02 02:42:50.066618+00:00,business_metrics.v1
T026,2026-01-01,45470.76,34229.21,0.3284197911666673,,2025-04/2026-03,2026-10-02 02:42:50.066618+00:00,business_metrics.v1
T026,2026-02-01,42641.21,45470.76,-0.06222790206277616649,,2025-04/2026-03,2026-10-02 02:42:50.066618+00:00,business_metrics.v1
T026,2026-03-01,43873.62,42641.21,0.02890185339487317550,,2025-04/2026-03,2026-10-02 02:42:50.066618+00:00,business_metrics.v1
T027,2025-04-01,46331.59,,,no_prior_month,2025-04/2026-03,2026-10-02 02:42:50.066618+00:00,business_metrics.v1
T027,2025-05-01,55506.15,46331.59,0.1980195369940898,,2025-04/2026-03,2026-10-02 02:42:50.066618+00:00,business_metrics.v1
T027,2025-06-01,51707.81,55506.15,-0.06843097566666036106,,2025-04/2026-03,2026-10-02 02:42:50.066618+00:00,business_metrics.v1
T027,2025-07-01,55558.18,51707.81,0.07446399296353877683,,2025-04/2026-03,2026-10-02 02:42:50.066618+00:00,business_metrics.v1
T027,2025-08-01,46796.73,55558.18,-0.15769865031575908354,,2025-04/2026-03,2026-10-02 02:42:50.066618+00:00,business_metrics.v1
T027,2025-09-01,34448.39,46796.73,-0.26387185600361392773,,2025-04/2026-03,2026-10-02 02:42:50.066618+00:00,business_metrics.v1
T027,2025-10-01,43806.63,34448.39,0.2716597205268519,,2025-04/2026-03,2026-10-02 02:42:50.066618+00:00,business_metrics.v1
T027,2025-11-01,40527.06,43806.63,-0.07486469513861257988,,2025-04/2026-03,2026-10-02 02:42:50.066618+00:00,business_metrics.v1
T027,2025-12-01,49370.31,40527.06,0.21820605787836571417,,2025-04/2026-03,2026-10-02 02:42:50.066618+00:00,business_metrics.v1
T027,2026-01-01,45291.26,49370.31,-0.08262151888452796833,,2025-04/2026-03,2026-10-02 02:42:50.066618+00:00,business_metrics.v1
T027,2026-02-01,41293.24,45291.26,-0.08827354328406849357,,2025-04/2026-03,2026-10-02 02:42:50.066618+00:00,business_metrics.v1
T027,2026-03-01,44381.62,41293.24,0.07479141864382644714,,2025-04/2026-03,2026-10-02 02:42:50.066618+00:00,business_metrics.v1
T028,2025-04-01,40610.55,,,no_prior_month,2025-04/2026-03,2026-10-02 02:42:50.066618+00:00,business_metrics.v1
T028,2025-05-01,49516.41,40610.55,0.21929917225942519862,,2025-04/2026-03,2026-10-02 02:42:50.066618+00:00,business_metrics.v1
T028,2025-06-01,44871.45,49516.41,-0.09380647748897789642,,2025-04/2026-03,2026-10-02 02:42:50.066618+00:00,business_metrics.v1
T028,2025-07-01,41941.17,44871.45,-0.06530388476414290156,,2025-04/2026-03,2026-10-02 02:42:50.066618+00:00,business_metrics.v1
T028,2025-08-01,46522.84,41941.17,0.10924039553498388338,,2025-04/2026-03,2026-10-02 02:42:50.066618+00:00,business_metrics.v1
T028,2025-09-01,41510.21,46522.84,-0.10774557185244924858,,2025-04/2026-03,2026-10-02 02:42:50.066618+00:00,business_metrics.v1
T028,2025-10-01,39376.80,41510.21,-0.05139482551401209486,,2025-04/2026-03,2026-10-02 02:42:50.066618+00:00,business_metrics.v1
T028,2025-11-01,35313.15,39376.80,-0.10319909185103919059,,2025-04/2026-03,2026-10-02 02:42:50.066618+00:00,business_metrics.v1
T028,2025-12-01,45126.89,35313.15,0.2779061057991145,,2025-04/2026-03,2026-10-02 02:42:50.066618+00:00,business_metrics.v1
T028,2026-01-01,37138.44,45126.89,-0.17702194855439849722,,2025-04/2026-03,2026-10-02 02:42:50.066618+00:00,business_metrics.v1
T028,2026-02-01,44344.86,37138.44,0.1940420760807401,,2025-04/2026-03,2026-10-02 02:42:50.066618+00:00,business_metrics.v1
T028,2026-03-01,44625.01,44344.86,0.00631753037443347436,,2025-04/2026-03,2026-10-02 02:42:50.066618+00:00,business_metrics.v1
T029,2025-04-01,42252.63,,,no_prior_month,2025-04/2026-03,2026-10-02 02:42:50.066618+00:00,business_metrics.v1
T029,2025-05-01,36131.87,42252.63,-0.14486104178603793421,,2025-04/2026-03,2026-10-02 02:42:50.066618+00:00,business_metrics.v1
T029,2025-06-01,34837.44,36131.87,-0.03582515933994005846,,2025-04/2026-03,2026-10-02 02:42:50.066618+00:00,business_metrics.v1
T029,2025-07-01,35276.79,34837.44,0.01261143183884923806,,2025-04/2026-03,2026-10-02 02:42:50.066618+00:00,business_metrics.v1
T029,2025-08-01,48987.38,35276.79,0.3886575280800776,,2025-04/2026-03,2026-10-02 02:42:50.066618+00:00,business_metrics.v1
T029,2025-09-01,35508.98,48987.38,-0.27514025040734981132,,2025-04/2026-03,2026-10-02 02:42:50.066618+00:00,business_metrics.v1
T029,2025-10-01,48404.22,35508.98,0.3631543344810242,,2025-04/2026-03,2026-10-02 02:42:50.066618+00:00,business_metrics.v1
T029,2025-11-01,31817.38,48404.22,-0.34267342806061124423,,2025-04/2026-03,2026-10-02 02:42:50.066618+00:00,business_metrics.v1
T029,2025-12-01,43077.79,31817.38,0.3539075184694654,,2025-04/2026-03,2026-10-02 02:42:50.066618+00:00,business_metrics.v1
T029,2026-01-01,47889.56,43077.79,0.11169955561787176176,,2025-04/2026-03,2026-10-02 02:42:50.066618+00:00,business_metrics.v1
T029,2026-02-01,40669.18,47889.56,-0.15077148338802862252,,2025-04/2026-03,2026-10-02 02:42:50.066618+00:00,business_metrics.v1
T029,2026-03-01,43031.28,40669.18,0.05808083664337466357,,2025-04/2026-03,2026-10-02 02:42:50.066618+00:00,business_metrics.v1
T030,2025-04-01,43377.70,,,no_prior_month,2025-04/2026-03,2026-10-02 02:42:50.066618+00:00,business_metrics.v1
T030,2025-05-01,38494.24,43377.70,-0.11257996620383284499,,2025-04/2026-03,2026-10-02 02:42:50.066618+00:00,business_metrics.v1
T030,2025-06-01,36644.94,38494.24,-0.04804095365956049528,,2025-04/2026-03,2026-10-02 02:42:50.066618+00:00,business_metrics.v1
T030,2025-07-01,44044.01,36644.94,0.2019124604924991,,2025-04/2026-03,2026-10-02 02:42:50.066618+00:00,business_metrics.v1
T030,2025-08-01,43122.26,44044.01,-0.02092793094906662677,,2025-04/2026-03,2026-10-02 02:42:50.066618+00:00,business_metrics.v1
T030,2025-09-01,42305.77,43122.26,-0.01893430446363432714,,2025-04/2026-03,2026-10-02 02:42:50.066618+00:00,business_metrics.v1
T030,2025-10-01,36573.64,42305.77,-0.13549286539401126608,,2025-04/2026-03,2026-10-02 02:42:50.066618+00:00,business_metrics.v1
T030,2025-11-01,35687.61,36573.64,-0.02422591790152689205,,2025-04/2026-03,2026-10-02 02:42:50.066618+00:00,business_metrics.v1
T030,2025-12-01,43131.63,35687.61,0.2085883588169676,,2025-04/2026-03,2026-10-02 02:42:50.066618+00:00,business_metrics.v1
T030,2026-01-01,42652.36,43131.63,-0.01111179892807204365,,2025-04/2026-03,2026-10-02 02:42:50.066618+00:00,business_metrics.v1
T030,2026-02-01,41062.75,42652.36,-0.03726898113023523200,,2025-04/2026-03,2026-10-02 02:42:50.066618+00:00,business_metrics.v1
T030,2026-03-01,41173.98,41062.75,0.00270878107287018039,,2025-04/2026-03,2026-10-02 02:42:50.066618+00:00,business_metrics.v1
T031,2025-04-01,36265.46,,,no_prior_month,2025-04/2026-03,2026-10-02 02:42:50.066618+00:00,business_metrics.v1
T031,2025-05-01,44421.17,36265.46,0.2248891920852514,,2025-04/2026-03,2026-10-02 02:42:50.066618+00:00,business_metrics.v1
T031,2025-06-01,45295.38,44421.17,0.01968003094020261060,,2025-04/2026-03,2026-10-02 02:42:50.066618+00:00,business_metrics.v1
T031,2025-07-01,43493.87,45295.38,-0.03977248893816543762,,2025-04/2026-03,2026-10-02 02:42:50.066618+00:00,business_metrics.v1
T031,2025-08-01,36829.78,43493.87,-0.15321906282425546405,,2025-04/2026-03,2026-10-02 02:42:50.066618+00:00,business_metrics.v1
T031,2025-09-01,35836.43,36829.78,-0.02697138022545885422,,2025-04/2026-03,2026-10-02 02:42:50.066618+00:00,business_metrics.v1
T031,2025-10-01,48741.10,35836.43,0.3600992063104500,,2025-04/2026-03,2026-10-02 02:42:50.066618+00:00,business_metrics.v1
T031,2025-11-01,50457.01,48741.10,0.0352045809388791,,2025-04/2026-03,2026-10-02 02:42:50.066618+00:00,business_metrics.v1
T031,2025-12-01,49857.54,50457.01,-0.01188080704742512487,,2025-04/2026-03,2026-10-02 02:42:50.066618+00:00,business_metrics.v1
T031,2026-01-01,33438.32,49857.54,-0.32932270625466077949,,2025-04/2026-03,2026-10-02 02:42:50.066618+00:00,business_metrics.v1
T031,2026-02-01,35720.93,33438.32,0.06826329791688099163,,2025-04/2026-03,2026-10-02 02:42:50.066618+00:00,business_metrics.v1
T031,2026-03-01,35392.57,35720.93,-0.00919236985151282455,,2025-04/2026-03,2026-10-02 02:42:50.066618+00:00,business_metrics.v1
T032,2025-04-01,36839.02,,,no_prior_month,2025-04/2026-03,2026-10-02 02:42:50.066618+00:00,business_metrics.v1
T032,2025-05-01,64724.76,36839.02,0.7569620473074474,,2025-04/2026-03,2026-10-02 02:42:50.066618+00:00,business_metrics.v1
T032,2025-06-01,34934.50,64724.76,-0.46026064832067357222,,2025-04/2026-03,2026-10-02 02:42:50.066618+00:00,business_metrics.v1
T032,2025-07-01,52586.87,34934.50,0.5052990596688088,,2025-04/2026-03,2026-10-02 02:42:50.066618+00:00,business_metrics.v1
T032,2025-08-01,42949.23,52586.87,-0.18327084308307377868,,2025-04/2026-03,2026-10-02 02:42:50.066618+00:00,business_metrics.v1
T032,2025-09-01,42300.78,42949.23,-0.01509805880105417489,,2025-04/2026-03,2026-10-02 02:42:50.066618+00:00,business_metrics.v1
T032,2025-10-01,38376.11,42300.78,-0.09278008585184481232,,2025-04/2026-03,2026-10-02 02:42:50.066618+00:00,business_metrics.v1
T032,2025-11-01,46598.78,38376.11,0.2142653333024113,,2025-04/2026-03,2026-10-02 02:42:50.066618+00:00,business_metrics.v1
T032,2025-12-01,48241.24,46598.78,0.03524684551827322518,,2025-04/2026-03,2026-10-02 02:42:50.066618+00:00,business_metrics.v1
T032,2026-01-01,50675.90,48241.24,0.0504684373784753,,2025-04/2026-03,2026-10-02 02:42:50.066618+00:00,business_metrics.v1
T032,2026-02-01,43944.66,50675.90,-0.13282921467600970086,,2025-04/2026-03,2026-10-02 02:42:50.066618+00:00,business_metrics.v1
T032,2026-03-01,38374.25,43944.66,-0.12675965634959970108,,2025-04/2026-03,2026-10-02 02:42:50.066618+00:00,business_metrics.v1
T033,2025-04-01,40771.86,,,no_prior_month,2025-04/2026-03,2026-10-02 02:42:50.066618+00:00,business_metrics.v1
T033,2025-05-01,47255.36,40771.86,0.15901899005833925654,,2025-04/2026-03,2026-10-02 02:42:50.066618+00:00,business_metrics.v1
T033,2025-06-01,46755.18,47255.36,-0.01058461939555639826,,2025-04/2026-03,2026-10-02 02:42:50.066618+00:00,business_metrics.v1
T033,2025-07-01,44014.39,46755.18,-0.05862002883958526093,,2025-04/2026-03,2026-10-02 02:42:50.066618+00:00,business_metrics.v1
T033,2025-08-01,51171.42,44014.39,0.1626065929801594,,2025-04/2026-03,2026-10-02 02:42:50.066618+00:00,business_metrics.v1
T033,2025-09-01,48320.27,51171.42,-0.05571762518999863596,,2025-04/2026-03,2026-10-02 02:42:50.066618+00:00,business_metrics.v1
T033,2025-10-01,52411.99,48320.27,0.0846791625957388,,2025-04/2026-03,2026-10-02 02:42:50.066618+00:00,business_metrics.v1
T033,2025-11-01,42731.18,52411.99,-0.18470601860375841482,,2025-04/2026-03,2026-10-02 02:42:50.066618+00:00,business_metrics.v1
T033,2025-12-01,41869.87,42731.18,-0.02015647590354396953,,2025-04/2026-03,2026-10-02 02:42:50.066618+00:00,business_metrics.v1
T033,2026-01-01,45070.85,41869.87,0.07645067921156669462,,2025-04/2026-03,2026-10-02 02:42:50.066618+00:00,business_metrics.v1
T033,2026-02-01,39397.61,45070.85,-0.12587381866550109439,,2025-04/2026-03,2026-10-02 02:42:50.066618+00:00,business_metrics.v1
T033,2026-03-01,45376.45,39397.61,0.1517564136504727,,2025-04/2026-03,2026-10-02 02:42:50.066618+00:00,business_metrics.v1
T034,2025-04-01,35584.73,,,no_prior_month,2025-04/2026-03,2026-10-02 02:42:50.066618+00:00,business_metrics.v1
T034,2025-05-01,51621.40,35584.73,0.4506615618553239,,2025-04/2026-03,2026-10-02 02:42:50.066618+00:00,business_metrics.v1
T034,2025-06-01,39027.10,51621.40,-0.24397439821469390602,,2025-04/2026-03,2026-10-02 02:42:50.066618+00:00,business_metrics.v1
T034,2025-07-01,39366.21,39027.10,0.00868909040128526075,,2025-04/2026-03,2026-10-02 02:42:50.066618+00:00,business_metrics.v1
T034,2025-08-01,48675.82,39366.21,0.2364873326642316,,2025-04/2026-03,2026-10-02 02:42:50.066618+00:00,business_metrics.v1
T034,2025-09-01,37466.02,48675.82,-0.23029504176817154801,,2025-04/2026-03,2026-10-02 02:42:50.066618+00:00,business_metrics.v1
T034,2025-10-01,38411.43,37466.02,0.02523379851929828682,,2025-04/2026-03,2026-10-02 02:42:50.066618+00:00,business_metrics.v1
T034,2025-11-01,44329.59,38411.43,0.1540728892415617,,2025-04/2026-03,2026-10-02 02:42:50.066618+00:00,business_metrics.v1
T034,2025-12-01,47887.19,44329.59,0.08025339282407078432,,2025-04/2026-03,2026-10-02 02:42:50.066618+00:00,business_metrics.v1
T034,2026-01-01,37566.90,47887.19,-0.21551254103654860517,,2025-04/2026-03,2026-10-02 02:42:50.066618+00:00,business_metrics.v1
T034,2026-02-01,42384.11,37566.90,0.1282301707087889,,2025-04/2026-03,2026-10-02 02:42:50.066618+00:00,business_metrics.v1
T034,2026-03-01,40537.93,42384.11,-0.04355830522334903340,,2025-04/2026-03,2026-10-02 02:42:50.066618+00:00,business_metrics.v1
T035,2025-04-01,44560.16,,,no_prior_month,2025-04/2026-03,2026-10-02 02:42:50.066618+00:00,business_metrics.v1
T035,2025-05-01,47123.56,44560.16,0.05752672342289614759,,2025-04/2026-03,2026-10-02 02:42:50.066618+00:00,business_metrics.v1
T035,2025-06-01,46214.67,47123.56,-0.01928737981595617988,,2025-04/2026-03,2026-10-02 02:42:50.066618+00:00,business_metrics.v1
T035,2025-07-01,38412.86,46214.67,-0.16881674152384946165,,2025-04/2026-03,2026-10-02 02:42:50.066618+00:00,business_metrics.v1
T035,2025-08-01,43609.95,38412.86,0.1352955754921659,,2025-04/2026-03,2026-10-02 02:42:50.066618+00:00,business_metrics.v1
T035,2025-09-01,48313.22,43609.95,0.10784855291051698064,,2025-04/2026-03,2026-10-02 02:42:50.066618+00:00,business_metrics.v1
T035,2025-10-01,38021.56,48313.22,-0.21301954206322824270,,2025-04/2026-03,2026-10-02 02:42:50.066618+00:00,business_metrics.v1
T035,2025-11-01,51851.93,38021.56,0.3637507245888911,,2025-04/2026-03,2026-10-02 02:42:50.066618+00:00,business_metrics.v1
T035,2025-12-01,50129.59,51851.93,-0.03321650708083575674,,2025-04/2026-03,2026-10-02 02:42:50.066618+00:00,business_metrics.v1
T035,2026-01-01,46712.41,50129.59,-0.06816692496387861939,,2025-04/2026-03,2026-10-02 02:42:50.066618+00:00,business_metrics.v1
T035,2026-02-01,36310.80,46712.41,-0.22267337523369057602,,2025-04/2026-03,2026-10-02 02:42:50.066618+00:00,business_metrics.v1
T035,2026-03-01,58310.81,36310.80,0.6058806195401919,,2025-04/2026-03,2026-10-02 02:42:50.066618+00:00,business_metrics.v1
T036,2025-04-01,39686.44,,,no_prior_month,2025-04/2026-03,2026-10-02 02:42:50.066618+00:00,business_metrics.v1
T036,2025-05-01,41355.44,39686.44,0.0420546665309360,,2025-04/2026-03,2026-10-02 02:42:50.066618+00:00,business_metrics.v1
T036,2025-06-01,48495.78,41355.44,0.17265781720615232240,,2025-04/2026-03,2026-10-02 02:42:50.066618+00:00,business_metrics.v1
T036,2025-07-01,37566.72,48495.78,-0.22536105203380582805,,2025-04/2026-03,2026-10-02 02:42:50.066618+00:00,business_metrics.v1
T036,2025-08-01,45750.08,37566.72,0.2178353606596477,,2025-04/2026-03,2026-10-02 02:42:50.066618+00:00,business_metrics.v1
T036,2025-09-01,50854.06,45750.08,0.1115622092901258,,2025-04/2026-03,2026-10-02 02:42:50.066618+00:00,business_metrics.v1
T036,2025-10-01,50739.86,50854.06,-0.00224564174423831647,,2025-04/2026-03,2026-10-02 02:42:50.066618+00:00,business_metrics.v1
T036,2025-11-01,35761.11,50739.86,-0.29520676643569769408,,2025-04/2026-03,2026-10-02 02:42:50.066618+00:00,business_metrics.v1
T036,2025-12-01,55135.36,35761.11,0.5417686978955631,,2025-04/2026-03,2026-10-02 02:42:50.066618+00:00,business_metrics.v1
T036,2026-01-01,48831.49,55135.36,-0.11433443075369418101,,2025-04/2026-03,2026-10-02 02:42:50.066618+00:00,business_metrics.v1
T036,2026-02-01,33864.06,48831.49,-0.30651184307503211555,,2025-04/2026-03,2026-10-02 02:42:50.066618+00:00,business_metrics.v1
T036,2026-03-01,36198.24,33864.06,0.06892794307593360040,,2025-04/2026-03,2026-10-02 02:42:50.066618+00:00,business_metrics.v1
T037,2025-04-01,45606.46,,,no_prior_month,2025-04/2026-03,2026-10-02 02:42:50.066618+00:00,business_metrics.v1
T037,2025-05-01,32961.90,45606.46,-0.27725370484795355746,,2025-04/2026-03,2026-10-02 02:42:50.066618+00:00,business_metrics.v1
T037,2025-06-01,54382.61,32961.90,0.6498627202922162,,2025-04/2026-03,2026-10-02 02:42:50.066618+00:00,business_metrics.v1
T037,2025-07-01,51362.26,54382.61,-0.05553889377505051707,,2025-04/2026-03,2026-10-02 02:42:50.066618+00:00,business_metrics.v1
T037,2025-08-01,54332.33,51362.26,0.05782592121141086860,,2025-04/2026-03,2026-10-02 02:42:50.066618+00:00,business_metrics.v1
T037,2025-09-01,54756.42,54332.33,0.00780548156134662364,,2025-04/2026-03,2026-10-02 02:42:50.066618+00:00,business_metrics.v1
T037,2025-10-01,61361.63,54756.42,0.1206289600379280,,2025-04/2026-03,2026-10-02 02:42:50.066618+00:00,business_metrics.v1
T037,2025-11-01,43247.22,61361.63,-0.29520744478267607950,,2025-04/2026-03,2026-10-02 02:42:50.066618+00:00,business_metrics.v1
T037,2025-12-01,52797.22,43247.22,0.2208234425241669,,2025-04/2026-03,2026-10-02 02:42:50.066618+00:00,business_metrics.v1
T037,2026-01-01,42045.08,52797.22,-0.20364973761876098779,,2025-04/2026-03,2026-10-02 02:42:50.066618+00:00,business_metrics.v1
T037,2026-02-01,37936.08,42045.08,-0.09772843814305978250,,2025-04/2026-03,2026-10-02 02:42:50.066618+00:00,business_metrics.v1
T037,2026-03-01,49354.82,37936.08,0.3009994706885899,,2025-04/2026-03,2026-10-02 02:42:50.066618+00:00,business_metrics.v1
T038,2025-04-01,48612.78,,,no_prior_month,2025-04/2026-03,2026-10-02 02:42:50.066618+00:00,business_metrics.v1
T038,2025-05-01,42161.29,48612.78,-0.13271180952827630923,,2025-04/2026-03,2026-10-02 02:42:50.066618+00:00,business_metrics.v1
T038,2025-06-01,41192.14,42161.29,-0.02298672550104610177,,2025-04/2026-03,2026-10-02 02:42:50.066618+00:00,business_metrics.v1
T038,2025-07-01,35834.32,41192.14,-0.13006898888962797272,,2025-04/2026-03,2026-10-02 02:42:50.066618+00:00,business_metrics.v1
T038,2025-08-01,50465.36,35834.32,0.4082968506169505,,2025-04/2026-03,2026-10-02 02:42:50.066618+00:00,business_metrics.v1
T038,2025-09-01,40560.90,50465.36,-0.19626254523895202571,,2025-04/2026-03,2026-10-02 02:42:50.066618+00:00,business_metrics.v1
T038,2025-10-01,32323.51,40560.90,-0.20308696306048435809,,2025-04/2026-03,2026-10-02 02:42:50.066618+00:00,business_metrics.v1
T038,2025-11-01,40109.78,32323.51,0.2408856587666377,,2025-04/2026-03,2026-10-02 02:42:50.066618+00:00,business_metrics.v1
T038,2025-12-01,47279.68,40109.78,0.17875690168333010054,,2025-04/2026-03,2026-10-02 02:42:50.066618+00:00,business_metrics.v1
T038,2026-01-01,52255.95,47279.68,0.1052517698935357,,2025-04/2026-03,2026-10-02 02:42:50.066618+00:00,business_metrics.v1
T038,2026-02-01,35579.61,52255.95,-0.31912806101506144276,,2025-04/2026-03,2026-10-02 02:42:50.066618+00:00,business_metrics.v1
T038,2026-03-01,51043.01,35579.61,0.4346140949830535,,2025-04/2026-03,2026-10-02 02:42:50.066618+00:00,business_metrics.v1
T039,2025-04-01,47944.41,,,no_prior_month,2025-04/2026-03,2026-10-02 02:42:50.066618+00:00,business_metrics.v1
T039,2025-05-01,48472.93,47944.41,0.01102360004012980867,,2025-04/2026-03,2026-10-02 02:42:50.066618+00:00,business_metrics.v1
T039,2025-06-01,40365.22,48472.93,-0.16726263504186769812,,2025-04/2026-03,2026-10-02 02:42:50.066618+00:00,business_metrics.v1
T039,2025-07-01,48533.43,40365.22,0.20235762371665508078,,2025-04/2026-03,2026-10-02 02:42:50.066618+00:00,business_metrics.v1
T039,2025-08-01,48006.49,48533.43,-0.01085725859474593079,,2025-04/2026-03,2026-10-02 02:42:50.066618+00:00,business_metrics.v1
T039,2025-09-01,36988.01,48006.49,-0.22952063356433682196,,2025-04/2026-03,2026-10-02 02:42:50.066618+00:00,business_metrics.v1
T039,2025-10-01,43088.07,36988.01,0.1649199294582217,,2025-04/2026-03,2026-10-02 02:42:50.066618+00:00,business_metrics.v1
T039,2025-11-01,45693.66,43088.07,0.06047126269521934958,,2025-04/2026-03,2026-10-02 02:42:50.066618+00:00,business_metrics.v1
T039,2025-12-01,41831.97,45693.66,-0.08451259977861261278,,2025-04/2026-03,2026-10-02 02:42:50.066618+00:00,business_metrics.v1
T039,2026-01-01,35135.65,41831.97,-0.16007661126167378682,,2025-04/2026-03,2026-10-02 02:42:50.066618+00:00,business_metrics.v1
T039,2026-02-01,36422.83,35135.65,0.03663458623933241594,,2025-04/2026-03,2026-10-02 02:42:50.066618+00:00,business_metrics.v1
T039,2026-03-01,40335.49,36422.83,0.1074232836932221,,2025-04/2026-03,2026-10-02 02:42:50.066618+00:00,business_metrics.v1
T040,2025-04-01,48257.75,,,no_prior_month,2025-04/2026-03,2026-10-02 02:42:50.066618+00:00,business_metrics.v1
T040,2025-05-01,42130.63,48257.75,-0.12696654941434277396,,2025-04/2026-03,2026-10-02 02:42:50.066618+00:00,business_metrics.v1
T040,2025-06-01,41701.49,42130.63,-0.01018593835411433439,,2025-04/2026-03,2026-10-02 02:42:50.066618+00:00,business_metrics.v1
T040,2025-07-01,47598.26,41701.49,0.14140429994228023987,,2025-04/2026-03,2026-10-02 02:42:50.066618+00:00,business_metrics.v1
T040,2025-08-01,43942.21,47598.26,-0.07681058089098214935,,2025-04/2026-03,2026-10-02 02:42:50.066618+00:00,business_metrics.v1
T040,2025-09-01,36710.12,43942.21,-0.16458184510974755252,,2025-04/2026-03,2026-10-02 02:42:50.066618+00:00,business_metrics.v1
T040,2025-10-01,58853.78,36710.12,0.6032031494312740,,2025-04/2026-03,2026-10-02 02:42:50.066618+00:00,business_metrics.v1
T040,2025-11-01,46185.97,58853.78,-0.21524207960814071755,,2025-04/2026-03,2026-10-02 02:42:50.066618+00:00,business_metrics.v1
T040,2025-12-01,39370.64,46185.97,-0.14756277718103571279,,2025-04/2026-03,2026-10-02 02:42:50.066618+00:00,business_metrics.v1
T040,2026-01-01,40670.55,39370.64,0.0330172433061794,,2025-04/2026-03,2026-10-02 02:42:50.066618+00:00,business_metrics.v1
T040,2026-02-01,43408.08,40670.55,0.06730988393321457418,,2025-04/2026-03,2026-10-02 02:42:50.066618+00:00,business_metrics.v1
T040,2026-03-01,44509.57,43408.08,0.02537522968074146564,,2025-04/2026-03,2026-10-02 02:42:50.066618+00:00,business_metrics.v1
