channel_type,month_start,sales_mxn,previous_sales_mxn,mom_growth_pct,null_reason,period,logic_version
ECOMMERCE,2025-04-01,383213.08234000,,,no_prior_month,2025-04/2026-03,business_metrics.v1
ECOMMERCE,2025-05-01,365088.19553300,383213.08234000,-0.04729715044258058197,,2025-04/2026-03,business_metrics.v1
ECOMMERCE,2025-06-01,339352.26597400,365088.19553300,-0.07049236286981990911,,2025-04/2026-03,business_metrics.v1
ECOMMERCE,2025-07-01,350578.49038000,339352.26597400,0.0330813303213956,,2025-04/2026-03,business_metrics.v1
ECOMMERCE,2025-08-01,343799.79460800,350578.49038000,-0.01933574351538914285,,2025-04/2026-03,business_metrics.v1
ECOMMERCE,2025-09-01,345453.79029900,343799.79460800,0.00481092693172165317,,2025-04/2026-03,business_metrics.v1
ECOMMERCE,2025-10-01,376497.18127000,345453.79029900,0.0898626439852667,,2025-04/2026-03,business_metrics.v1
ECOMMERCE,2025-11-01,359337.61215700,376497.18127000,-0.04557688600779786656,,2025-04/2026-03,business_metrics.v1
ECOMMERCE,2025-12-01,346649.15696600,359337.61215700,-0.03531067932141827487,,2025-04/2026-03,business_metrics.v1
ECOMMERCE,2026-01-01,344899.13541100,346649.15696600,-0.00504839408904619202,,2025-04/2026-03,business_metrics.v1
ECOMMERCE,2026-02-01,323250.55747500,344899.13541100,-0.06276785214379390302,,2025-04/2026-03,business_metrics.v1
ECOMMERCE,2026-03-01,350763.44756700,323250.55747500,0.0851132023001316,,2025-04/2026-03,business_metrics.v1
FISICO,2025-04-01,1673072.40,,,no_prior_month,2025-04/2026-03,business_metrics.v1
FISICO,2025-05-01,1796952.89,1673072.40,0.0740437114377118,,2025-04/2026-03,business_metrics.v1
FISICO,2025-06-01,1712534.81,1796952.89,-0.04697846029786568306,,2025-04/2026-03,business_metrics.v1
FISICO,2025-07-01,1790211.82,1712534.81,0.0453579159655155,,2025-04/2026-03,business_metrics.v1
FISICO,2025-08-01,1778833.54,1790211.82,-0.00635582888733244986,,2025-04/2026-03,business_metrics.v1
FISICO,2025-09-01,1684031.43,1778833.54,-0.05329453704813773637,,2025-04/2026-03,business_metrics.v1
FISICO,2025-10-01,1817581.95,1684031.43,0.0793040543192237,,2025-04/2026-03,business_metrics.v1
FISICO,2025-11-01,1680698.65,1817581.95,-0.07531066205845629134,,2025-04/2026-03,business_metrics.v1
FISICO,2025-12-01,1778997.58,1680698.65,0.0584869452950414,,2025-04/2026-03,business_metrics.v1
FISICO,2026-01-01,1713209.72,1778997.58,-0.03698029763480622610,,2025-04/2026-03,business_metrics.v1
FISICO,2026-02-01,1576721.70,1713209.72,-0.07966801635937484641,,2025-04/2026-03,business_metrics.v1
FISICO,2026-03-01,1718189.01,1576721.70,0.0897224348469359,,2025-04/2026-03,business_metrics.v1
