product_id,channel,tienda_id,units,sales_mxn,cost_mxn,gross_margin_mxn,period,logic_version
ERP-PROV-MX-015-D,T036,T036,83,30065.79,39643.52,-9577.73,2025-04/2026-03,business_metrics.v1
ERP-PROV-MX-015-D,T032,T032,54,19556.83,25532.84,-5976.01,2025-04/2026-03,business_metrics.v1
ERP-PROV-MX-015-D,T023,T023,53,19288.91,25036.08,-5747.17,2025-04/2026-03,business_metrics.v1
ERP-PROV-MX-015-D,T026,T026,49,17669.65,23196.72,-5527.07,2025-04/2026-03,business_metrics.v1
ERP-PROV-MX-015-D,T027,T027,47,16995.46,22295.50,-5300.04,2025-04/2026-03,business_metrics.v1
ERP-PROV-MX-015-D,T038,T038,45,16304.62,21468.12,-5163.50,2025-04/2026-03,business_metrics.v1
ERP-PROV-MX-015-D,T030,T030,46,16694.58,21835.66,-5141.08,2025-04/2026-03,business_metrics.v1
ERP-PROV-MX-015-D,T011,T011,42,14971.81,19996.30,-5024.49,2025-04/2026-03,business_metrics.v1
ERP-PROV-MX-015-D,T006,T006,42,15189.04,20014.76,-4825.72,2025-04/2026-03,business_metrics.v1
ERP-PROV-MX-015-D,T033,T033,44,16059.39,20823.68,-4764.29,2025-04/2026-03,business_metrics.v1
ERP-PROV-MX-015-D,T016,T016,42,15373.48,20014.76,-4641.28,2025-04/2026-03,business_metrics.v1
ERP-PROV-MX-015-D,T007,T007,41,14952.98,19518.00,-4565.02,2025-04/2026-03,business_metrics.v1
ERP-PROV-MX-015-D,T034,T034,39,14089.55,18653.7,-4564.15,2025-04/2026-03,business_metrics.v1
ERP-PROV-MX-015-D,T004,T004,40,14441.13,18855.10,-4413.97,2025-04/2026-03,business_metrics.v1
ERP-PROV-MX-015-D,T019,T019,38,13715.47,18064.64,-4349.17,2025-04/2026-03,business_metrics.v1
ERP-PROV-MX-015-D,T029,T029,38,13815.85,18138.48,-4322.63,2025-04/2026-03,business_metrics.v1
ERP-PROV-MX-015-D,T014,T014,37,13425.58,17604.80,-4179.22,2025-04/2026-03,business_metrics.v1
ERP-PROV-MX-015-D,T031,T031,35,12530.90,16685.12,-4154.22,2025-04/2026-03,business_metrics.v1
ERP-PROV-MX-015-D,T022,T022,38,13861.44,18009.26,-4147.82,2025-04/2026-03,business_metrics.v1
ERP-PROV-MX-015-D,T001,T001,37,13479.17,17623.26,-4144.09,2025-04/2026-03,business_metrics.v1
ERP-PROV-MX-015-D,T039,T039,32,11489.74,15213.30,-3723.56,2025-04/2026-03,business_metrics.v1
ERP-PROV-MX-015-D,T017,T017,32,11612.40,15250.22,-3637.82,2025-04/2026-03,business_metrics.v1
ERP-PROV-MX-015-D,T037,T037,30,10860.93,14312.08,-3451.15,2025-04/2026-03,business_metrics.v1
ERP-PROV-MX-015-D,T002,T002,30,10949.11,14293.62,-3344.51,2025-04/2026-03,business_metrics.v1
ERP-PROV-MX-015-D,T025,T025,29,10512.13,13852.24,-3340.11,2025-04/2026-03,business_metrics.v1
ERP-PROV-MX-015-D,T040,T040,29,10515.14,13778.40,-3263.26,2025-04/2026-03,business_metrics.v1
ERP-PROV-MX-015-D,T013,T013,27,9747.60,12895.64,-3148.04,2025-04/2026-03,business_metrics.v1
ERP-PROV-MX-015-D,T018,T018,27,9761.69,12895.64,-3133.95,2025-04/2026-03,business_metrics.v1
ERP-PROV-MX-015-D,T015,T015,26,9309.03,12417.34,-3108.31,2025-04/2026-03,business_metrics.v1
ERP-PROV-MX-015-D,T003,T003,27,9823.00,12803.34,-2980.34,2025-04/2026-03,business_metrics.v1
ERP-PROV-MX-015-D,T012,T012,26,9434.84,12361.96,-2927.12,2025-04/2026-03,business_metrics.v1
ERP-PROV-MX-015-D,T005,T005,25,9067.64,11902.12,-2834.48,2025-04/2026-03,business_metrics.v1
ERP-PROV-MX-015-D,T035,T035,24,8617.48,11331.52,-2714.04,2025-04/2026-03,business_metrics.v1
ERP-PROV-MX-015-D,T020,T020,23,8333.15,10945.52,-2612.37,2025-04/2026-03,business_metrics.v1
ERP-PROV-MX-015-D,T024,T024,23,8399.47,11000.9,-2601.43,2025-04/2026-03,business_metrics.v1
ERP-PROV-MX-002-B,T013,T013,63,8309.24,10675.33,-2366.09,2025-04/2026-03,business_metrics.v1
ERP-PROV-MX-015-D,T021,T021,21,7654.65,9988.92,-2334.27,2025-04/2026-03,business_metrics.v1
ERP-PROV-MX-015-D,T008,T008,20,7243.27,9547.54,-2304.27,2025-04/2026-03,business_metrics.v1
ERP-PROV-MX-015-D,T028,T028,20,7233.98,9529.08,-2295.10,2025-04/2026-03,business_metrics.v1
ERP-PROV-MX-015-D,T009,T009,20,7280.90,9492.16,-2211.26,2025-04/2026-03,business_metrics.v1
ERP-PROV-MX-002-B,T036,T036,48,6325.26,8162.16,-1836.90,2025-04/2026-03,business_metrics.v1
ERP-PROV-MX-002-B,T029,T029,46,6051.63,7849.90,-1798.27,2025-04/2026-03,business_metrics.v1
ERP-PROV-MX-002-B,T037,T037,44,5719.46,7459.62,-1740.16,2025-04/2026-03,business_metrics.v1
ERP-PROV-MX-015-D,T010,T010,15,5452.47,7174.5,-1722.03,2025-04/2026-03,business_metrics.v1
ERP-PROV-MX-002-B,T016,T016,42,5485.83,7114.97,-1629.14,2025-04/2026-03,business_metrics.v1
ERP-PROV-MX-002-B,T014,T014,43,5707.20,7304.98,-1597.78,2025-04/2026-03,business_metrics.v1
ERP-PROV-MX-002-B,T033,T033,42,5556.31,7140.08,-1583.77,2025-04/2026-03,business_metrics.v1
ERP-PROV-MX-002-B,T011,T011,41,5412.07,6965.50,-1553.43,2025-04/2026-03,business_metrics.v1
ERP-PROV-MX-002-B,T009,T009,38,5001.88,6484.70,-1482.82,2025-04/2026-03,business_metrics.v1
ERP-PROV-MX-002-B,T031,T031,38,4993.82,6472.91,-1479.09,2025-04/2026-03,business_metrics.v1
ERP-PROV-MX-002-B,T020,T020,38,5041.50,6480.77,-1439.27,2025-04/2026-03,business_metrics.v1
ERP-PROV-MX-002-B,T018,T018,38,5045.95,6484.70,-1438.75,2025-04/2026-03,business_metrics.v1
ERP-PROV-MX-002-B,T034,T034,37,4898.70,6273.22,-1374.52,2025-04/2026-03,business_metrics.v1
ERP-PROV-MX-002-B,T006,T006,32,4185.40,5460.80,-1275.40,2025-04/2026-03,business_metrics.v1
ERP-PROV-MX-002-B,T007,T007,33,4326.02,5586.69,-1260.67,2025-04/2026-03,business_metrics.v1
ERP-PROV-MX-002-B,T040,T040,32,4213.68,5443.26,-1229.58,2025-04/2026-03,business_metrics.v1
ERP-PROV-MX-002-B,T025,T025,31,4052.46,5272.61,-1220.15,2025-04/2026-03,business_metrics.v1
ERP-PROV-MX-002-B,T027,T027,32,4221.98,5427.83,-1205.85,2025-04/2026-03,business_metrics.v1
ERP-PROV-MX-002-B,T015,T015,32,4236.78,5431.76,-1194.98,2025-04/2026-03,business_metrics.v1
ERP-PROV-MX-002-B,T039,T039,31,4067.51,5261.11,-1193.60,2025-04/2026-03,business_metrics.v1
ERP-PROV-MX-002-B,T023,T023,30,3946.11,5119.50,-1173.39,2025-04/2026-03,business_metrics.v1
ERP-PROV-MX-002-B,T005,T005,31,4104.76,5261.11,-1156.35,2025-04/2026-03,business_metrics.v1
ERP-PROV-MX-002-B,T032,T032,29,3811.96,4948.85,-1136.89,2025-04/2026-03,business_metrics.v1
ERP-PROV-MX-002-B,T038,T038,28,3721.97,4774.27,-1052.30,2025-04/2026-03,business_metrics.v1
ERP-PROV-MX-002-B,T002,T002,26,3390.68,4436.90,-1046.22,2025-04/2026-03,business_metrics.v1
ERP-PROV-MX-002-B,T022,T022,27,3564.47,4607.55,-1043.08,2025-04/2026-03,business_metrics.v1
ERP-PROV-MX-002-B,T008,T008,27,3550.24,4590.01,-1039.77,2025-04/2026-03,business_metrics.v1
ERP-PROV-MX-002-B,T030,T030,28,3714.22,4748.87,-1034.65,2025-04/2026-03,business_metrics.v1
ERP-PROV-MX-002-B,T024,T024,25,3258.28,4242.96,-984.68,2025-04/2026-03,business_metrics.v1
ERP-PROV-MX-002-B,T012,T012,23,3042.80,3915.27,-872.47,2025-04/2026-03,business_metrics.v1
ERP-PROV-MX-002-B,T021,T021,23,3012.87,3876.55,-863.68,2025-04/2026-03,business_metrics.v1
ERP-PROV-MX-002-B,T035,T035,22,2904.33,3750.37,-846.04,2025-04/2026-03,business_metrics.v1
ERP-PROV-MX-002-B,T001,T001,22,2909.22,3754.30,-845.08,2025-04/2026-03,business_metrics.v1
ERP-PROV-MX-002-B,T004,T004,21,2802.93,3560.36,-757.43,2025-04/2026-03,business_metrics.v1
ERP-PROV-MX-002-B,T028,T028,18,2343.01,3058.09,-715.08,2025-04/2026-03,business_metrics.v1
ERP-PROV-MX-002-B,T019,T019,18,2375.42,3071.70,-696.28,2025-04/2026-03,business_metrics.v1
ERP-PROV-MX-002-B,T026,T026,17,2233.35,2901.05,-667.70,2025-04/2026-03,business_metrics.v1
ERP-PROV-MX-002-B,T010,T010,16,2086.85,2718.61,-631.76,2025-04/2026-03,business_metrics.v1
ERP-PROV-MX-002-B,T003,T003,15,1958.92,2559.75,-600.83,2025-04/2026-03,business_metrics.v1
ERP-PROV-MX-001-A,T028,T028,53,3915.63,4452.0,-536.37,2025-04/2026-03,business_metrics.v1
ERP-PROV-MX-002-B,T017,T017,14,1847.47,2379.42,-531.95,2025-04/2026-03,business_metrics.v1
ERP-PROV-MX-001-A,T031,T031,58,4360.67,4880.65,-519.98,2025-04/2026-03,business_metrics.v1
ERP-PROV-MX-001-A,T004,T004,48,3559.09,4057.95,-498.86,2025-04/2026-03,business_metrics.v1
ERP-PROV-MX-001-A,T017,T017,49,3630.66,4124.65,-493.99,2025-04/2026-03,business_metrics.v1
ERP-PROV-MX-001-A,T001,T001,45,3358.02,3780.0,-421.98,2025-04/2026-03,business_metrics.v1
ERP-PROV-MX-001-A,T027,T027,36,2662.44,3058.60,-396.16,2025-04/2026-03,business_metrics.v1
ERP-PROV-MX-001-A,T040,T040,41,3058.57,3444.0,-385.43,2025-04/2026-03,business_metrics.v1
ERP-PROV-MX-001-A,T005,T005,35,2607.09,2974.60,-367.51,2025-04/2026-03,business_metrics.v1
ERP-PROV-MX-001-A,T013,T013,36,2679.41,3041.30,-361.89,2025-04/2026-03,business_metrics.v1
ERP-PROV-MX-001-A,T015,T015,37,2759.58,3108.0,-348.42,2025-04/2026-03,business_metrics.v1
ERP-PROV-MX-001-A,T002,T002,36,2683.78,3024.0,-340.22,2025-04/2026-03,business_metrics.v1
ERP-PROV-MX-001-A,T012,T012,35,2619.69,2957.30,-337.61,2025-04/2026-03,business_metrics.v1
ERP-PROV-MX-001-A,T018,T018,38,2855.83,3192.0,-336.17,2025-04/2026-03,business_metrics.v1
ERP-PROV-MX-001-A,T021,T021,33,2445.14,2772.0,-326.86,2025-04/2026-03,business_metrics.v1
ERP-PROV-MX-001-A,T007,T007,31,2295.63,2612.65,-317.02,2025-04/2026-03,business_metrics.v1
ERP-PROV-MX-001-A,T038,T038,33,2464.04,2772.0,-307.96,2025-04/2026-03,business_metrics.v1
ERP-PROV-MX-001-A,T024,T024,32,2383.28,2688.0,-304.72,2025-04/2026-03,business_metrics.v1
ERP-PROV-MX-001-A,T010,T010,31,2301.89,2604.0,-302.11,2025-04/2026-03,business_metrics.v1
ERP-PROV-MX-001-A,T037,T037,34,2564.31,2864.65,-300.34,2025-04/2026-03,business_metrics.v1
ERP-PROV-MX-001-A,T020,T020,34,2556.22,2856.0,-299.78,2025-04/2026-03,business_metrics.v1
ERP-PROV-MX-001-A,T036,T036,31,2306.17,2604.0,-297.83,2025-04/2026-03,business_metrics.v1
ERP-PROV-MX-001-A,T034,T034,31,2326.45,2621.30,-294.85,2025-04/2026-03,business_metrics.v1
ERP-PROV-MX-001-A,T026,T026,29,2186.11,2479.25,-293.14,2025-04/2026-03,business_metrics.v1
ERP-PROV-MX-001-A,T006,T006,31,2310.97,2604.0,-293.03,2025-04/2026-03,business_metrics.v1
ERP-PROV-MX-001-A,T033,T033,29,2154.76,2446.42,-291.66,2025-04/2026-03,business_metrics.v1
ERP-PROV-MX-001-A,T014,T014,30,2228.72,2520.0,-291.28,2025-04/2026-03,business_metrics.v1
ERP-PROV-MX-001-A,T008,T008,33,2489.97,2780.65,-290.68,2025-04/2026-03,business_metrics.v1
ERP-PROV-MX-001-A,T039,T039,27,1997.93,2285.30,-287.37,2025-04/2026-03,business_metrics.v1
ERP-PROV-MX-001-A,T032,T032,33,2489.15,2772.0,-282.85,2025-04/2026-03,business_metrics.v1
ERP-PROV-MX-001-A,T022,T022,29,2171.29,2449.96,-278.67,2025-04/2026-03,business_metrics.v1
ERP-PROV-MX-001-A,T003,T003,25,1844.23,2100.0,-255.77,2025-04/2026-03,business_metrics.v1
ERP-PROV-MX-001-A,T029,T029,28,2102.32,2352.0,-249.68,2025-04/2026-03,business_metrics.v1
ERP-PROV-MX-001-A,T019,T019,26,1936.35,2184.0,-247.65,2025-04/2026-03,business_metrics.v1
ERP-PROV-MX-001-A,T025,T025,26,1939.68,2184.0,-244.32,2025-04/2026-03,business_metrics.v1
ERP-PROV-MX-001-A,T016,T016,25,1880.35,2108.65,-228.30,2025-04/2026-03,business_metrics.v1
ERP-PROV-MX-001-A,T023,T023,20,1491.29,1705.95,-214.66,2025-04/2026-03,business_metrics.v1
ERP-PROV-MX-001-A,T009,T009,23,1718.69,1932.0,-213.31,2025-04/2026-03,business_metrics.v1
ERP-PROV-MX-001-A,T030,T030,24,1808.47,2017.77,-209.30,2025-04/2026-03,business_metrics.v1
ERP-PROV-MX-001-A,T035,T035,21,1556.93,1764.0,-207.07,2025-04/2026-03,business_metrics.v1
ERP-PROV-MX-001-A,T011,T011,22,1659.18,1848.0,-188.82,2025-04/2026-03,business_metrics.v1
